Codigo,Suplidor,Fecha,Precio_sin_Itbis,Itbis,Precio_con_Itbis,Marca
AA-REFR-R410A,"No Tiene Suplidor Especifico",2023-02-16,440,79.2,519.2,NULL
EQ-APS-REJ-HELVEX,"Almacenes Unidos",2022-11-30,2211.86,398.135,2609.99,NULL
EQ-BOM-ACFA-½,"Importadora Tropical, SA",2020-09-02,50605,9108.9,59713.9,NULL
EQ-BOM-BASE,"No Tiene Suplidor Especifico",2023-01-31,16949.2,3050.85,20000,NULL
EQ-BOM-BASE-3U,"No Tiene Suplidor Especifico",2020-09-28,48000,8640,56640,NULL
EQ-CHQ-BOL-4,"Importadora Tropical, SA",2022-10-26,28150,5067,33217,NULL
EQ-CHQS-2.5,"No Tiene Suplidor Especifico",2023-01-12,800,144,944,NULL
EQ-CHQV-1½,"Garcia and Llerandi, S.A.S.",2022-10-12,1555,279.9,1834.9,NULL
EQ-COND-EVA-FCOIL-24KBTU,"Refricentro Rubiera",2023-02-22,124000,22320,146320,LG
EQ-COND-EVA-FCOIL-36KBTU,"Refricentro Rubiera",2023-02-22,160000,28800,188800,LG
EQ-COND-EVA-FCOIL-48KBTU,"Refricentro Rubiera",2023-02-22,185000,33300,218300,LG
EQ-COND-EVA-FCOIL-60KBTU,"Refricentro Rubiera",2023-02-22,216000,38880,254880,LG
EQ-COND-EVA-SPLIT-PAR-12KBTU,"LG ElectronicsS Panama, S.A. Branch Dominicana",2023-02-09,20790,3742.2,24532.2,NULL
EQ-COND-EVA-SPLIT-PAR-18KBTU,"LG ElectronicsS Panama, S.A. Branch Dominicana",2023-02-09,29095,5237.1,34332.1,NULL
EQ-COND-EVA-SPLIT-PAR-24KBTU,"LG ElectronicsS Panama, S.A. Branch Dominicana",2023-02-09,34100,6138,40238,NULL
EQ-COND-MSPLIT-30KBTU,"LG ElectronicsS Panama, S.A. Branch Dominicana",2023-02-09,59015,10622.7,69637.7,NULL
EQ-COND-MSPLIT-36KBTU,"LG ElectronicsS Panama, S.A. Branch Dominicana",2023-02-09,81510,14671.8,96181.8,NULL
EQ-COND-MSPLIT-53KBTU,Unirefri,2023-02-17,154800,27864,182664,NULL
EQ-ELEC-ALA-12,"No Tiene Suplidor Especifico",2023-01-12,9,1.62,10.62,NULL
EQ-ELEC-ALA-14,"No Tiene Suplidor Especifico",2023-01-12,6.2,1.116,7.316,NULL
EQ-ELEC-BOM-CEFG-115GPM-50PSI-TRIF-208-230/460-3HP,"No Tiene Suplidor Especifico",2023-01-12,30000,5400,35400,NULL
EQ-ELEC-BOM-CEFG-TRIF-230-1.5HP,"Garcia and Llerandi, S.A.S.",2022-11-18,30240,5443.2,35683.2,NULL
EQ-ELEC-BOM-CEFG-TRIF-230/460-15HP,"Garcia and Llerandi, S.A.S.",2022-12-01,131932,23747.8,155680,NULL
EQ-ELEC-BOM-CEFG-TRIF-230/460-5HP,"No Tiene Suplidor Especifico",2020-09-28,69800,12564,82363.9,NULL
EQ-ELEC-BOM-CEFG-TRIF-230/460-7.5HP,"No Tiene Suplidor Especifico",2020-09-28,80458.5,14482.5,94941,NULL
EQ-ELEC-BOM-CEFG-TRIF-300GPM-150PSI-208-230/460,"No Tiene Suplidor Especifico",2022-10-28,463285,83391.3,546676,NULL
EQ-ELEC-BOM-JOCK-20GPM,"No Tiene Suplidor Especifico",2022-10-28,97843.2,17611.8,115455,NULL
EQ-ELEC-BOM-SGBL-INTBL-5HP,"No Tiene Suplidor Especifico",2023-02-01,110000,19800,129800,NULL
EQ-ELEC-PISC-PAN,"No Tiene Suplidor Especifico",2023-01-12,42372.9,7627.12,50000,NULL
EQ-ELEC-VAL-FL,"No Tiene Suplidor Especifico",2023-02-01,1500,270,1770,NULL
EQ-EVA-FCOIL-18KBTU,Unirefri,2023-02-17,38135.6,6864.41,45000,NULL
EQ-EVA-FCOIL-24KBTU,Unirefri,2023-02-17,44491.5,8008.48,52500,NULL
EQ-EVA-FCOIL-30KBTU,Unirefri,2023-02-17,52966.1,9533.9,62500,NULL
EQ-EVA-FCOIL-36KBTU,Unirefri,2023-02-17,54110.2,9739.83,63850,NULL
EQ-EVA-FCOIL-42KBTU,"LG ElectronicsS Panama, S.A. Branch Dominicana",2023-02-17,50837.9,9150.81,59988.7,NULL
EQ-EVA-FCOIL-48KBTU,"LG ElectronicsS Panama, S.A. Branch Dominicana",2023-02-03,51926,9346.68,61272.7,NULL
EQ-EVA-FCOIL-55KBTU,Unirefri,2023-02-17,77966.1,14033.9,92000,NULL
EQ-EVA-FCOIL-60KBTU,"LG ElectronicsS Panama, S.A. Branch Dominicana",2023-02-03,75011.4,13502,88513.4,NULL
EQ-EVA-FCOIL-9KBTU,"No Tiene Suplidor Especifico",2023-02-17,27542.4,4957.63,32500,NULL
EQ-EVA-MSPLIT-PAR-12KBTU,"LG ElectronicsS Panama, S.A. Branch Dominicana",2023-02-09,10065,1811.7,11876.7,NULL
EQ-EVA-MSPLIT-PAR-18KBTU,"LG ElectronicsS Panama, S.A. Branch Dominicana",2023-02-09,13255,2385.9,15640.9,NULL
EQ-EVA-MSPLIT-PAR-24KBTU,"LG ElectronicsS Panama, S.A. Branch Dominicana",2023-02-09,13585,2445.3,16030.3,NULL
EQ-EXT-ABC-10,"No Tiene Suplidor Especifico",2020-06-10,4200,756,4956,NULL
EQ-EXT-CO2-10,"No Tiene Suplidor Especifico",2020-06-10,12400,2232,14632,NULL
EQ-EXTR-FILCA,"No Tiene Suplidor Especifico",2023-02-13,3575,643.5,4218.5,NULL
EQ-FAR-SUP-300W-12V,"No Tiene Suplidor Especifico",2023-01-05,13559.3,2440.68,16000,NULL
EQ-GCI-24x30,"No Tiene Suplidor Especifico",2020-06-10,30000,5400,35400,NULL
EQ-GM-10-16,"No Tiene Suplidor Especifico",2023-01-12,800,144,944,NULL
EQ-HF-CAJ-TELE-VAL,"JG Acueductos Y Partes S.R.L.",2020-03-03,750,135,885,NULL
EQ-HF-VALC-PLAT-250PSI-4,"JG Acueductos Y Partes S.R.L.",2020-03-03,2700,486,3186,NULL
EQ-HIDR-4,"No Tiene Suplidor Especifico",2023-02-09,110000,19800,129800,NULL
EQ-INST-ELEC,"No Tiene Suplidor Especifico",2023-01-31,93220.3,16779.7,110000,NULL
EQ-INST-MEC,"No Tiene Suplidor Especifico",2023-02-14,186441,33559.3,220000,NULL
EQ-JTDR-CRIO-4,"JG Acueductos Y Partes S.R.L.",2020-03-03,18500,3330,21830,NULL
EQ-MISC-PERFILT-14,"No Tiene Suplidor Especifico",2023-02-22,444.44,79.9992,524.439,NULL
EQ-PAN-VAR-1-5HP,"No Tiene Suplidor Especifico",2020-09-28,84745.8,15254.2,100000,NULL
EQ-PAN-VAR-1-7.5HP,"No Tiene Suplidor Especifico",2020-09-28,105932,19067.8,125000,NULL
EQ-PAN-VAR-2-15HP,"SP Servicios Electricos Industriales S.R.L",2022-11-15,239414,43094.5,282508,NULL
EQ-PISC-ACM,"JDL Electro Plomer Pool, S.R.L.",2023-01-05,335.55,60.399,395.949,NULL
EQ-PISC-BOM-1,"JDL Electro Plomer Pool, S.R.L.",2023-02-16,30190.7,5434.32,35625,NULL
EQ-PISC-BOM-2,"JDL Electro Plomer Pool, S.R.L.",2022-02-28,29270.7,5268.73,34539.5,NULL
EQ-PISC-BOM-2.5,"JDL Electro Plomer Pool, S.R.L.",2023-01-05,56934.8,10248.3,67183.1,NULL
EQ-PISC-BOM-5,"No Tiene Suplidor Especifico",2023-02-22,87300,15714,103014,NULL
EQ-PISC-CEPAL,"JDL Electro Plomer Pool, S.R.L.",2023-01-05,675.08,121.514,796.594,NULL
EQ-PISC-CLO,"JDL Electro Plomer Pool, S.R.L.",2023-01-05,6796.56,1223.38,8019.94,NULL
EQ-PISC-COLF,"JDL Electro Plomer Pool, S.R.L.",2023-01-05,1527.97,275.035,1803,NULL
"EQ-PISC-FIL-21"","JDL Electro Plomer Pool, S.R.L.",2022-05-04,24922.1,4485.98,29408.1,NULL
EQ-PISC-FIL-30,"JDL Electro Plomer Pool, S.R.L.",2023-01-05,45597,8207.46,53804.5,NULL
EQ-PISC-GROUT,"SPC Servicios y Productos para la Construcción SRL",2023-01-12,1401.57,252.282,1653.85,NULL
EQ-PISC-INY,"JDL Electro Plomer Pool, S.R.L.",2023-01-05,167.18,30.0924,197.272,NULL
EQ-PISC-LIMP,"JDL Electro Plomer Pool, S.R.L.",2023-01-05,3837.6,690.768,4528.37,NULL
EQ-PISC-MANG-40,"JDL Electro Plomer Pool, S.R.L.",2023-01-05,3010.12,541.822,3551.94,NULL
EQ-PISC-RECE,"JDL Electro Plomer Pool, S.R.L.",2023-01-05,133.71,24.0678,157.778,NULL
EQ-PISC-REG,"JDL Electro Plomer Pool, S.R.L.",2023-01-05,462.67,83.2806,545.951,NULL
EQ-PISC-SKI,"No Tiene Suplidor Especifico",2023-01-05,8000,1440,9440,NULL
EQ-PISC-SUPBL,"JDL Electro Plomer Pool, S.R.L.",2023-01-05,913.58,164.444,1078.02,NULL
EQ-PISC-TUB-TELE,"JDL Electro Plomer Pool, S.R.L.",2023-01-05,2064.21,371.558,2435.77,NULL
EQ-PISC-WURTH,"SPC Servicios y Productos para la Construcción SRL",2023-01-12,1277.12,229.881,1507,NULL
EQ-RCI-EST,INCIfire,2023-01-19,162,29.16,191.16,NULL
EQ-RCI-MAN,INCIfire,2023-01-19,3800,684,4484,NULL
EQ-RCI-RO-COL,INCIfire,2023-01-19,865,155.7,1020.7,NULL
EQ-TQH-125PSI-120GL,"Importadora Tropical, SA",2023-01-16,78000,14040,92040,NULL
EQ-TRAN-100W-12V,"JDL Electro Plomer Pool, S.R.L.",2023-01-05,5670.49,1020.69,6691.18,NULL
EQ-VAR-3HP,"No Tiene Suplidor Especifico",2023-01-12,30000,5400,35400,NULL
MA-AIS-20,"Aislantes Dominicanos SAS",2023-01-11,1910,343.8,2253.8,NULL
MA-AIS-25,"Aislantes Dominicanos SAS",2023-01-11,1910,343.8,2253.8,NULL
MA-AIS-32,"Aislantes Dominicanos SAS",2023-01-11,2450,441,2891,NULL
MA-AIS-50,"Aislantes Dominicanos SAS",2023-01-11,2690,484.2,3174.2,NULL
MA-AIS-63,"Aislantes Dominicanos SAS",2021-10-01,2740,493.2,3233.2,NULL
MA-BRON-ADA-HEM-15x½,"Garda Import And Export. S.R.L.",2020-08-26,108.6,19.548,128.148,NULL
MA-BRON-TAP-HEM-¾,"Rodfor Team, SRL",2022-09-22,47.84,8.6112,56.4512,NULL
MA-BRON-TAP-MAC-¾,"Rodfor Team, SRL",2022-09-22,61.12,11.0016,72.1216,NULL
MA-ELEC-ALAG-12/4,"No Tiene Suplidor Especifico",2023-02-03,47.4576,8.54237,56,NULL
MA-ELEC-ALAG-14/4,"No Tiene Suplidor Especifico",2023-01-12,51.52,9.2736,60.7936,NULL
MA-EMT-ABR-GALV-½,"Rodfor Team, SRL",2023-01-18,2.527,0.45486,2.98186,NULL
MA-EMT-CAJM-4x2,"Rodfor Team, SRL",2023-01-18,38.595,6.9471,45.5421,NULL
MA-EMT-CONEC-½,"Rodfor Team, SRL",2023-01-18,9.5,1.71,11.21,NULL
MA-EMT-CUR-½x90,"Rodfor Team, SRL",2023-01-18,23.383,4.20894,27.5919,NULL
MA-EMT-TAP-4x2,"Rodfor Team, SRL",2023-01-18,22.35,4.023,26.373,NULL
MA-EMT-TUB-½x10,"Rodfor Team, SRL",2023-01-18,162.916,29.3249,192.241,NULL
MA-GLP-MED,"No Tiene Suplidor Especifico",2023-02-22,3717,669.06,4386.06,NULL
MA-GLP-REGU-450KBTU,Tropigas,2020-11-11,4525,814.5,5339.5,NULL
MA-HG-ARA-?,"Rodfor Team, SRL",2020-06-16,3.15,0.567,3.717,NULL
MA-HG-ARA-¼,"No Tiene Suplidor Especifico",2021-01-14,3.15,0.567,3.717,NULL
MA-HG-ARA-5/16,"No Tiene Suplidor Especifico",2021-01-14,3.155,0.5679,3.7229,NULL
MA-HG-COD-NIP-½,"No Tiene Suplidor Especifico",2023-02-02,27.38,4.9284,32.3084,NULL
MA-HG-NIP-¾x12,"No Tiene Suplidor Especifico",2022-12-15,345,62.1,407.1,NULL
MA-HG-TAP-MAC-1,Ferremix,2022-12-20,36.0508,6.48914,42.5399,NULL
MA-HG-TAP-MAC-½,"Garda Import And Export. S.R.L.",2020-08-26,54.1,9.738,63.838,NULL
MA-HG-TAP-MAC-1½,Ferremix,2022-12-20,87.5593,15.7607,103.32,NULL
MA-HG-TAP-MAC-¾,"Garda Import And Export. S.R.L.",2020-08-26,63,11.34,74.34,NULL
MA-HN-ACO-VIT-1½,"JG Acueductos Y Partes S.R.L.",2023-02-03,656,118.08,774.08,NULL
MA-HN-ACO-VIT-2,"JG Acueductos Y Partes S.R.L.",2023-02-03,726,130.68,856.68,NULL
MA-HN-ACO-VIT-2½,"JG Acueductos Y Partes S.R.L.",2023-02-03,781,140.58,921.58,NULL
MA-HN-ACO-VIT-3,"JG Acueductos Y Partes S.R.L.",2023-02-03,874,157.32,1031.32,NULL
MA-HN-ACO-VIT-4,"JG Acueductos Y Partes S.R.L.",2023-02-03,1207,217.26,1424.26,NULL
MA-HN-ACO-VIT-6,"JG Acueductos Y Partes S.R.L.",2022-04-07,1485,267.3,1752.3,NULL
MA-HN-COD-RAN-2½x90º,"JG Acueductos Y Partes S.R.L.",2023-02-03,668,120.24,788.24,NULL
MA-HN-COD-RAN-2x45º,"JG Acueductos Y Partes S.R.L.",2022-07-04,582,104.76,686.76,NULL
MA-HN-COD-RAN-2x90º,"JG Acueductos Y Partes S.R.L.",2023-02-03,582,104.76,686.76,NULL
MA-HN-COD-RAN-3x45º,"JG Acueductos Y Partes S.R.L.",2022-07-04,800,144,944,NULL
MA-HN-COD-RAN-3x90º,"JG Acueductos Y Partes S.R.L.",2023-02-03,800,144,944,NULL
MA-HN-COD-RAN-4x45º,"JG Acueductos Y Partes S.R.L.",2022-07-04,925,166.5,1091.5,NULL
MA-HN-COD-RAN-4x90º,"JG Acueductos Y Partes S.R.L.",2023-02-03,925,166.5,1091.5,NULL
MA-HN-COD-RAN-6x90º,"JG Acueductos Y Partes S.R.L.",2023-02-03,1228.5,221.13,1449.63,NULL
MA-HN-COD-RO-1½x90º,"JG Acueductos Y Partes S.R.L.",2023-02-03,216,38.88,254.88,NULL
MA-HN-COD-RO-¾x90º,"Garcia and Llerandi, S.A.S.",2023-01-19,82,14.76,96.76,NULL
MA-HN-COUP-RO-1,"Lezcano Hermanos, C. por A.",2023-02-01,167,30.06,197.06,NULL
MA-HN-COUP-RO-1½,"Lezcano Hermanos, C. por A.",2023-02-01,242,43.56,285.56,NULL
MA-HN-COUP-RO-2,"Lezcano Hermanos, C. por A.",2023-02-01,374,67.32,441.32,NULL
MA-HN-NIP-2½x4,"No Tiene Suplidor Especifico",2023-01-31,562,101.16,663.16,NULL
MA-HN-NIP-2x4,"Garcia and Llerandi, S.A.S.",2022-10-12,103,18.54,121.54,NULL
MA-HN-RED-1½x1,"JG Acueductos Y Partes S.R.L.",2023-02-03,135,24.3,159.3,NULL
MA-HN-RED-2x1,"JG Acueductos Y Partes S.R.L.",2022-07-04,165,29.7,194.7,NULL
MA-HN-RED-2x1½,"JG Acueductos Y Partes S.R.L.",2022-07-04,185,33.3,218.3,NULL
MA-HN-RED-6x4,"JG Acueductos Y Partes S.R.L.",2022-07-04,640,115.2,755.2,NULL
MA-HN-RED-COP-SOL-4x2,"No Tiene Suplidor Especifico",2023-01-31,432,77.76,509.76,NULL
MA-HN-SCH40-RED-RAN-3x1½,"JG Acueductos Y Partes S.R.L.",2023-02-03,1955,351.9,2306.9,NULL
MA-HN-SCH40-RED-RAN-3x2,"JG Acueductos Y Partes S.R.L.",2023-02-03,2541.5,457.47,2998.97,NULL
MA-HN-SCH40-RED-RAN-4x2,"JG Acueductos Y Partes S.R.L.",2023-02-03,3153.9,567.702,3721.6,NULL
MA-HN-SCH40-RED-RAN-4x3,"JG Acueductos Y Partes S.R.L.",2023-02-03,3409,613.62,4022.62,NULL
MA-HN-SCH40-RED-ROS-1x1/2,"JG Acueductos Y Partes S.R.L.",2023-02-03,92,16.56,108.56,NULL
MA-HN-SCH40-SCRA-TUB-1,"Garcia and Llerandi, S.A.S.",2023-01-19,1760,316.8,2076.8,NULL
MA-HN-SCH40-SCRA-TUB-1¼,"JG Acueductos Y Partes S.R.L.",2022-04-07,3177,571.86,3748.86,NULL
MA-HN-SCH40-SCRA-TUB-2,"JG Acueductos Y Partes S.R.L.",2022-04-07,4411,793.98,5204.98,NULL
MA-HN-SCH40-SCRA-TUB-2½,"JG Acueductos Y Partes S.R.L.",2022-04-07,6371,1146.78,7517.78,NULL
MA-HN-SCH40-SCRA-TUB-¾,"JG Acueductos Y Partes S.R.L.",2023-01-06,1100,198,1298,NULL
MA-HN-SCH40-SCRA-TUB-6,"JG Acueductos Y Partes S.R.L.",2022-04-07,20575,3703.5,24278.5,NULL
MA-HN-SCH40-TEE-RAN-1½,"JG Acueductos Y Partes S.R.L.",2023-02-03,575,103.5,678.5,NULL
MA-HN-SCH40-TEE-RAN-1½x1,"JG Acueductos Y Partes S.R.L.",2022-07-04,110,19.8,129.8,NULL
MA-HN-SCH40-TEE-RAN-1¼,"No Tiene Suplidor Especifico",2020-07-10,233.05,41.949,274.999,NULL
MA-HN-SCH40-TEE-RAN-2,"JG Acueductos Y Partes S.R.L.",2023-02-03,700,126,826,NULL
MA-HN-SCH40-TEE-RAN-2½,"JG Acueductos Y Partes S.R.L.",2023-02-03,937.5,168.75,1106.25,NULL
MA-HN-SCH40-TEE-RAN-2x1,"JG Acueductos Y Partes S.R.L.",2022-07-04,135,24.3,159.3,NULL
MA-HN-SCH40-TEE-RAN-3,"JG Acueductos Y Partes S.R.L.",2023-02-03,1196,215.28,1411.28,NULL
MA-HN-SCH40-TEE-RAN-4,"JG Acueductos Y Partes S.R.L.",2023-02-03,1898,341.64,2239.64,NULL
MA-HN-SCH40-TEE-RAN-6,"JG Acueductos Y Partes S.R.L.",2022-07-04,2650,477,3127,NULL
MA-HN-SCH40-TUB-1,"No Tiene Suplidor Especifico",2020-07-10,1788.14,321.864,2110,NULL
MA-HN-SCH40-TUB-½,"No Tiene Suplidor Especifico",2020-07-10,625,112.5,737.5,NULL
MA-HN-SCH40-TUB-1½,"No Tiene Suplidor Especifico",2021-10-04,3235,582.3,3817.3,NULL
MA-HN-SCH40-TUB-1¼,"No Tiene Suplidor Especifico",2020-07-10,1788.14,321.864,2110,NULL
MA-HN-SCH40-TUB-2,"JG Acueductos Y Partes S.R.L.",2021-10-04,4197,755.46,4952.46,NULL
MA-HN-SCH40-TUB-2½,"No Tiene Suplidor Especifico",2020-07-10,5292.37,952.627,6245,NULL
MA-HN-SCH40-TUB-3,"No Tiene Suplidor Especifico",2021-10-04,9717,1749.06,11466.1,NULL
MA-HN-SCH40-TUB-¾,"No Tiene Suplidor Especifico",2020-07-10,625,112.5,737.5,NULL
MA-HN-SCH40-TUB-4,"No Tiene Suplidor Especifico",2021-10-04,12636,2274.48,14910.5,NULL
MA-HN-SCH40-TUB-6,"No Tiene Suplidor Especifico",2020-07-10,14550,2619,17169,NULL
MA-HN-TAP-RAN-2,"No Tiene Suplidor Especifico",2023-02-15,88,15.84,103.84,NULL
MA-HN-TAP-RAN-3,"JG Acueductos Y Partes S.R.L.",2023-02-03,432,77.76,509.76,NULL
MA-HN-TEE-MEC-RAN-3x1½,"JG Acueductos Y Partes S.R.L.",2023-02-03,2369,426.42,2795.42,NULL
MA-HN-TEE-MEC-RAN-3x2,"JG Acueductos Y Partes S.R.L.",2022-07-04,1156,208.08,1364.08,NULL
MA-HN-TEE-MEC-RAN-4x1,"JG Acueductos Y Partes S.R.L.",2022-07-04,1450,261,1711,NULL
MA-HN-TEE-MEC-RAN-4x1½,"JG Acueductos Y Partes S.R.L.",2023-02-03,3079.7,554.346,3634.05,NULL
MA-HN-TEE-MEC-RAN-4x2,"JG Acueductos Y Partes S.R.L.",2022-07-04,1450,261,1711,NULL
MA-HN-TEE-MEC-RAN-6x4,"JG Acueductos Y Partes S.R.L.",2022-07-04,2950,531,3481,NULL
MA-HN-VAL-MAR-2,"No Tiene Suplidor Especifico",2023-02-15,2900,522,3422,NULL
MA-HN-VAL-MAR-3,"JG Acueductos Y Partes S.R.L.",2023-02-03,21908,3943.44,25851.4,NULL
MA-HN-VALS-3,"No Tiene Suplidor Especifico",2023-02-03,14800,2664,17464,NULL
MA-HN-VALS-4,"No Tiene Suplidor Especifico",2023-02-03,18800,3384,22184,NULL
MA-INOX-COD-RO-½x90,"Joval Comercial",2023-02-15,91,16.38,107.38,NULL
MA-INOX-COD-RO-1½x90,"Joval Comercial",2023-02-15,476,85.68,561.68,NULL
MA-INOX-COD-RO-1¼x90,"Joval Comercial",2023-02-15,357,64.26,421.26,NULL
MA-INOX-COD-RO-1x90,"Joval Comercial",2023-02-15,259,46.62,305.62,NULL
MA-INOX-COD-RO-2½x90,"Joval Comercial",2023-02-15,1426,256.68,1682.68,NULL
MA-INOX-COD-RO-2x90,"Joval Comercial",2023-02-15,697,125.46,822.46,NULL
MA-INOX-COD-RO-¾x90,"Joval Comercial",2023-02-15,110,19.8,129.8,NULL
MA-INOX-COD-RO-3x90,"Joval Comercial",2023-02-15,2143,385.74,2528.74,NULL
MA-INOX-COD-RO-4x90,"Joval Comercial",2023-02-15,3333,599.94,3932.94,NULL
MA-INOX-COUP-RO-1,"Joval Comercial",2023-02-15,125,22.5,147.5,NULL
MA-INOX-COUP-RO-½,"Joval Comercial",2023-02-15,81,14.58,95.58,NULL
MA-INOX-COUP-RO-1½,"Joval Comercial",2023-02-15,205,36.9,241.9,NULL
MA-INOX-COUP-RO-1¼,"Joval Comercial",2023-02-15,230,41.4,271.4,NULL
MA-INOX-COUP-RO-2,"Joval Comercial",2023-02-15,338,60.84,398.84,NULL
MA-INOX-COUP-RO-3,"Joval Comercial",2023-02-15,799,143.82,942.82,NULL
MA-INOX-COUP-RO-¾,"Joval Comercial",2023-02-15,101,18.18,119.18,NULL
MA-INOX-COUP-RO-4,"Joval Comercial",2023-02-15,1080,194.4,1274.4,NULL
MA-INOX-RED-RO-1½x1,"Joval Comercial",2023-02-15,210,37.8,247.8,NULL
MA-INOX-RED-RO-1½x1¼,"Joval Comercial",2023-02-15,245,44.1,289.1,NULL
MA-INOX-RED-RO-1x½,"Joval Comercial",2023-02-15,119,21.42,140.42,NULL
MA-INOX-RED-RO-1x¾,"Joval Comercial",2023-02-15,95,17.1,112.1,NULL
MA-INOX-RED-RO-2½x2,"Joval Comercial",2023-02-15,677,121.86,798.86,NULL
MA-INOX-RED-RO-2x1½,"Joval Comercial",2023-02-15,301,54.18,355.18,NULL
MA-INOX-RED-RO-¾x½,"Joval Comercial",2023-02-15,59,10.62,69.62,NULL
MA-INOX-RED-RO-3x2,"Joval Comercial",2023-02-15,1168,210.24,1378.24,NULL
MA-INOX-RED-RO-3x2½,"Joval Comercial",2023-02-15,1360,244.8,1604.8,NULL
MA-INOX-RED-RO-4x3,"Joval Comercial",2023-02-15,1959,352.62,2311.62,NULL
MA-INOX-SCH40-TUB-?,"Joval Comercial",2023-02-15,2333,419.94,2752.94,NULL
MA-INOX-SCH40-TUB-1,"Joval Comercial",2023-02-15,5060,910.8,5970.8,NULL
MA-INOX-SCH40-TUB-½,"Joval Comercial",2023-02-15,2707,487.26,3194.26,NULL
MA-INOX-SCH40-TUB-1½,"Joval Comercial",2023-02-15,8820,1587.6,10407.6,NULL
MA-INOX-SCH40-TUB-1¼,"Joval Comercial",2023-02-15,6859,1234.62,8093.62,NULL
MA-INOX-SCH40-TUB-2,"Joval Comercial",2023-02-15,10750,1935,12685,NULL
MA-INOX-SCH40-TUB-2½,"Joval Comercial",2023-02-15,13000,2340,15340,NULL
MA-INOX-SCH40-TUB-3,"Joval Comercial",2023-02-15,22327,4018.86,26345.9,NULL
MA-INOX-SCH40-TUB-¾,"Joval Comercial",2023-02-15,3606,649.08,4255.08,NULL
MA-INOX-SCH40-TUB-4,"Joval Comercial",2023-02-15,31782,5720.76,37502.8,NULL
MA-INOX-SCH40-TUB-6,"Joval Comercial",2023-02-15,59900,10782,70682,NULL
MA-INOX-TEE-RO-½x90,"Joval Comercial",2023-02-15,160,28.8,188.8,NULL
MA-INOX-TEE-RO-1½x90,"Joval Comercial",2023-02-15,507,91.26,598.26,NULL
MA-INOX-TEE-RO-1x90,"Joval Comercial",2023-02-15,311,55.98,366.98,NULL
MA-INOX-TEE-RO-2½x90,"Joval Comercial",2023-02-15,1810,325.8,2135.8,NULL
MA-INOX-TEE-RO-2x90,"Joval Comercial",2023-02-15,933,167.94,1100.94,NULL
MA-INOX-TEE-RO-¾x90,"Joval Comercial",2023-02-15,187,33.66,220.66,NULL
MA-INOX-TEE-RO-3x90,"Joval Comercial",2023-02-15,2106,379.08,2485.08,NULL
MA-INOX-TEE-RO-4x90,"Joval Comercial",2023-02-15,3810,685.8,4495.8,NULL
MA-INOX-VAL-1,"Joval Comercial",2023-02-15,874,157.32,1031.32,NULL
MA-INOX-VAL-1½,"Joval Comercial",2023-02-15,1396,251.28,1647.28,NULL
MA-INOX-VAL-1¼,"Joval Comercial",2023-02-15,923,166.14,1089.14,NULL
MA-INOX-VAL-2,"Joval Comercial",2023-02-15,1861,334.98,2195.98,NULL
MA-INOX-VAL-3,"Joval Comercial",2023-02-15,9900,1782,11682,NULL
MA-INOX-VAL-¾,"Joval Comercial",2023-02-15,486,87.48,573.48,NULL
MA-INOX-VAL-4,"Joval Comercial",2023-02-15,14745,2654.1,17399.1,NULL
MA-MIS-CHQH-1,"Ferretería Ochoa",2023-02-22,703.98,126.716,830.696,NULL
MA-MISC-ABR-PERA-2,"Rodfor Team, SRL",2021-07-19,56.05,10.089,66.139,NULL
MA-MISC-ABR-PERA-4,"Rodfor Team, SRL",2022-11-18,118.5,21.33,139.83,NULL
MA-MISC-ABR-PERA-6,"Rodfor Team, SRL",2021-07-19,250,45,295,NULL
MA-MISC-ABR-PERA-8,"No Tiene Suplidor Especifico",2023-01-03,350,63,413,NULL
MA-MISC-ABR-UNT-½,"Rodfor Team, SRL",2020-09-29,16.52,2.9736,19.4936,NULL
MA-MISC-ABR-UNT-6,"No Tiene Suplidor Especifico",2022-12-21,245,44.1,289.1,NULL
MA-MISC-ACE-RO,"Materiales Industriales",2023-01-09,1555.08,279.914,1834.99,NULL
MA-MISC-ADA-LLA-?x½,"Almacenes Unidos",2021-01-14,113.4,20.412,133.812,NULL
MA-MISC-ADA-UNI-GOM,"No Tiene Suplidor Especifico",2022-12-15,100,18,118,NULL
MA-MISC-ALAM,"No Tiene Suplidor Especifico",2022-12-15,35.21,6.3378,41.5478,NULL
MA-MISC-ARESIL-20-30,"JDL Electro Plomer Pool, S.R.L.",2023-01-05,684.42,123.196,807.616,NULL
MA-MISC-BQA-FRE,"Antonio P. Haché y Ferreteria Haché S. A.",2020-12-07,75,13.5,88.5,NULL
MA-MISC-BQA-LD,"Antonio P. Haché y Ferreteria Haché S. A.",2020-12-07,76,13.68,89.68,NULL
MA-MISC-BQA-LM,"Antonio P. Haché y Ferreteria Haché S. A.",2020-12-07,640.68,115.322,756.002,NULL
MA-MISC-CAJ-LAV,"Materiales Industriales",2022-12-18,1343.22,241.78,1585,NULL
MA-MISC-CAJC-GLP-32x20x8,"Rodfor Team, SRL",2022-11-18,769.5,138.51,908.01,NULL
MA-MISC-CAJM-10x8x4,"No Tiene Suplidor Especifico",2023-02-03,283.2,50.976,334.176,NULL
MA-MISC-CBD-1½x8,"Ferre Universo",2020-11-27,50,9,59,NULL
MA-MISC-CEM-PVC-REF,"Antonio P. Haché y Ferreteria Haché S. A.",2021-04-05,1864.4,335.592,2199.99,NULL
MA-MISC-CFNIQ-1,Ferremix,2022-12-20,55.0847,9.91525,64.9999,NULL
MA-MISC-CFNIQ-½,"The Plumber Shop by JRV, S.R.L.",2022-08-31,15.25,2.745,17.995,NULL
MA-MISC-CHA-UNT-1?x¾x10,"Rodfor Team, SRL",2020-12-01,604,108.72,712.72,NULL
MA-MISC-CINC,"Antonio P. Haché y Ferreteria Haché S. A.",2021-03-23,310,55.8,365.8,NULL
MA-MISC-CLV-2,"No Tiene Suplidor Especifico",2022-12-15,54.52,9.8136,64.3336,NULL
MA-MISC-DAMP,"No Tiene Suplidor Especifico",2022-12-21,450,81,531,NULL
MA-MISC-DUCT-AL,"Refripartes SA",2022-12-26,1300,234,1534,NULL
MA-MISC-DUCTN,"No Tiene Suplidor Especifico",2023-02-03,254.23,45.7614,299.991,NULL
MA-MISC-ESPA,"Ferre Universo",2020-12-04,95,17.1,112.1,NULL
MA-MISC-EXPH-?-HEM,"Rodfor Team, SRL",2020-06-16,21,3.78,24.78,NULL
MA-MISC-GENE,"The Plumber Shop by JRV, S.R.L.",2022-08-31,324.48,58.4064,382.886,NULL
MA-MISC-JTCERA-INO,Ferremix,2022-12-19,123.729,22.2712,146,NULL
MA-MISC-LLCH-½,"No Tiene Suplidor Especifico",2022-12-15,450,81,531,NULL
MA-MISC-LLCH-¾,"No Tiene Suplidor Especifico",2022-12-15,525,94.5,619.5,NULL
MA-MISC-LLP-MAR-½,"Garda Import And Export. S.R.L.",2021-01-14,300,54,354,NULL
MA-MISC-LLP-MAR-¾,"Garda Import And Export. S.R.L.",2022-10-13,452.3,81.414,533.714,NULL
MA-MISC-LLP-MAR-GLP-½,"Garda Import And Export. S.R.L.",2021-01-14,300,54,354,NULL
MA-MISC-LLP-MAR-GLP-1½,"Garda Import And Export. S.R.L.",2021-01-14,1360,244.8,1604.8,NULL
MA-MISC-LLP-MAR-GLP-¾,"Garda Import And Export. S.R.L.",2021-01-14,452.3,81.414,533.714,NULL
MA-MISC-MANG-CAL,"No Tiene Suplidor Especifico",2022-08-31,355,63.9,418.9,NULL
MA-MISC-MANG-FLX-INO,"Caribe Group",2020-10-15,176,31.68,207.68,NULL
MA-MISC-MANG-FLX-LM,"Caribe Group",2020-10-15,145,26.1,171.1,NULL
MA-MISC-MAPP-SOLD,"No Tiene Suplidor Especifico",2023-02-03,444.91,80.0838,524.994,NULL
MA-MISC-MTA-3LB,"Ferre Universo",2020-11-27,398,71.64,469.64,NULL
MA-MISC-NIP-CRO-½x2½,"Antonio P. Haché y Ferreteria Haché S. A.",2020-12-07,23.39,4.2102,27.6002,NULL
MA-MISC-NIP-INOX-¾x3,"No Tiene Suplidor Especifico",2021-01-14,135.5,24.39,159.89,NULL
MA-MISC-PIN-SPR,"No Tiene Suplidor Especifico",2022-12-15,150,27,177,NULL
MA-MISC-PINT-ANTI,"JG Acueductos Y Partes S.R.L.",2023-02-03,985,177.3,1162.3,NULL
MA-MISC-PLA-FIB-P3-4x13,"No Tiene Suplidor Especifico",2021-01-14,1200,216,1416,NULL
MA-MISC-PLA-FIB-P8-4x14,"No Tiene Suplidor Especifico",2021-01-14,1200,216,1416,NULL
MA-MISC-PLAT-RO-2,"Garcia and Llerandi, S.A.S.",2022-10-12,505,90.9,595.9,NULL
MA-MISC-PLAT-RO-3,"Garcia and Llerandi, S.A.S.",2022-10-12,1170,210.6,1380.6,NULL
MA-MISC-PLAT-SOL-3,"Garcia and Llerandi, S.A.S.",2022-10-12,875,157.5,1032.5,NULL
MA-MISC-PLAT-SOL-4,"Garcia and Llerandi, S.A.S.",2022-10-12,1220,219.6,1439.6,NULL
MA-MISC-RACOR-½x1,"Almacenes Unidos",2022-10-13,117.797,21.2034,139,NULL
MA-MISC-RACOR-½x1.5,"Almacenes Unidos",2022-10-13,139.831,25.1695,165,NULL
MA-MISC-RACOR-½x2,"Almacenes Unidos",2022-10-13,165.254,29.7458,195,NULL
MA-MISC-RACOR-½x2.5,"Almacenes Unidos",2022-10-13,182.203,32.7966,215,NULL
MA-MISC-RACOR-½x3,"Almacenes Unidos",2022-10-13,194.068,34.9322,229,NULL
MA-MISC-RED-COP-SOL-3x2½,"Garcia and Llerandi, S.A.S.",2022-10-12,220,39.6,259.6,NULL
MA-MISC-RESB-INO,"Materiales Industriales",2020-09-28,413.56,74.4408,488.001,NULL
MA-MISC-SEG,"Antonio P. Haché y Ferreteria Haché S. A.",2021-05-04,43.37,7.8066,51.1766,NULL
MA-MISC-SIL-ANTI,"The Plumber Shop by JRV, S.R.L.",2022-08-31,427.68,76.9824,504.662,NULL
MA-MISC-TAR-PLAST-9/32x1½,"Materiales Industriales",2020-09-28,0.59,0.1062,0.6962,NULL
MA-MISC-TBAS,"No Tiene Suplidor Especifico",2022-12-15,25.71,4.6278,30.3378,NULL
MA-MISC-TEF-LIQ-16,"JG Acueductos Y Partes S.R.L.",2023-02-03,1250,225,1475,NULL
MA-MISC-THIN,"Materiales Industriales",2022-12-18,520,93.6,613.6,NULL
MA-MISC-TISA,"No Tiene Suplidor Especifico",2022-12-15,32.67,5.8806,38.5506,NULL
MA-MISC-TOR-TAR-¼x2,"No Tiene Suplidor Especifico",2020-09-28,2,0.36,2.36,NULL
MA-MISC-TUB-LIT-½,"No Tiene Suplidor Especifico",2023-01-12,30,5.4,35.4,NULL
MA-MISC-URE-SPR,"No Tiene Suplidor Especifico",2023-02-03,383.5,69.03,452.53,NULL
MA-MISC-VARP-SOLD,"No Tiene Suplidor Especifico",2023-02-03,30,5.4,35.4,NULL
MA-PE-MANG-GLP-12,"Garda Import And Export. S.R.L.",2021-01-14,38.94,7.0092,45.9492,NULL
MA-PE-MANG-GLP-16,"Garda Import And Export. S.R.L.",2021-01-14,76.42,13.7556,90.1756,NULL
MA-PE-MANG-GLP-18,"Garda Import And Export. S.R.L.",2021-01-14,145,26.1,171.1,NULL
MA-PE-MANG-GLP-32,"Garda Import And Export. S.R.L.",2021-03-29,160,28.8,188.8,NULL
MA-PE-MANG-GLP-40,"Garda Import And Export. S.R.L.",2021-03-29,221,39.78,260.78,NULL
MA-PE-MANG-GLP-50,"Garda Import And Export. S.R.L.",2021-03-29,243.2,43.776,286.976,NULL
MA-PE-MANG-GLP-63,"Garda Import And Export. S.R.L.",2023-02-22,530.92,95.5656,626.486,NULL
MA-PPR-ADA-HEM-25x¾,"Eurotubos Industrial, S.R.L.",2022-08-30,85.63,15.4134,101.043,NULL
MA-PPR-ADA-HEM-32x1,"Eurotubos Industrial, S.R.L.",2022-08-30,151.45,27.261,178.711,NULL
MA-PPR-ADA-HEM-90x3,"Rodfor Team, SRL",2022-07-22,2182.63,392.873,2575.5,NULL
MA-PPR-ADA-MAC-110x4,"Rodfor Team, SRL",2021-04-05,3517.8,633.203,4151,NULL
MA-PPR-ADA-MAC-90x3,"Rodfor Team, SRL",2022-07-22,2786.19,501.514,3287.7,NULL
MA-PPR-COD-20x45º,"Eurotubos Industrial, S.R.L.",2022-08-30,8.65,1.557,10.207,NULL
MA-PPR-COD-ROS-32x1x90º,"Eurotubos Industrial, S.R.L.",2022-08-30,163.77,29.4786,193.249,NULL
MA-PPR-COD-ROS-32x¾x90º,"Rodfor Team, SRL",2021-04-05,91.5254,16.4746,108,NULL
MA-PPR-MTRZ-110,"Rodfor Team, SRL",2022-07-22,3363.56,605.441,3969,NULL
MA-PPR-MTRZ-20,"Rodfor Team, SRL",2022-07-22,368.127,66.2629,434.39,NULL
MA-PPR-MTRZ-25,"Rodfor Team, SRL",2022-07-22,411.068,73.9922,485.06,NULL
MA-PPR-MTRZ-32,"Rodfor Team, SRL",2022-07-22,441.441,79.4593,520.9,NULL
MA-PPR-MTRZ-50,"Rodfor Team, SRL",2022-07-22,954.873,171.877,1126.75,NULL
MA-PPR-MTRZ-90,"Rodfor Team, SRL",2022-07-22,3298.2,593.675,3891.87,NULL
MA-PPR-PLAT-50,"No Tiene Suplidor Especifico",2023-01-31,360.169,64.8305,425,NULL
MA-PPR-PLAT-90,"No Tiene Suplidor Especifico",2023-01-31,1037.29,186.712,1224,NULL
MA-PPR-RED-BUSH-110x50,"Rodfor Team, SRL",2021-01-14,225.75,40.635,266.385,NULL
MA-PPR-RED-BUSH-110x63,"Eurotubos Industrial, S.R.L.",2022-08-30,281.49,50.6682,332.158,NULL
MA-PPR-RED-BUSH-25x20,"Eurotubos Industrial, S.R.L.",2022-08-30,7.8,1.404,9.204,NULL
MA-PPR-RED-BUSH-32x20,"Eurotubos Industrial, S.R.L.",2022-08-30,13.63,2.4534,16.0834,NULL
MA-PPR-RED-BUSH-32x25,"Eurotubos Industrial, S.R.L.",2022-08-30,12.68,2.2824,14.9624,NULL
MA-PPR-RED-BUSH-63x50,"Eurotubos Industrial, S.R.L.",2022-08-30,73.11,13.1598,86.2698,NULL
MA-PPR-RED-BUSH-90x63,"Eurotubos Industrial, S.R.L.",2022-08-30,180.71,32.5278,213.238,NULL
MA-PPR-RED-COP-50x32,"No Tiene Suplidor Especifico",2023-01-31,63,11.34,74.34,NULL
MA-PPR-RED-COP-90x32,"No Tiene Suplidor Especifico",2023-01-31,252.048,45.3686,297.417,NULL
MA-PPR-TAP-HEM-110,"Rodfor Team, SRL",2022-07-22,478.644,86.1559,564.8,NULL
MA-PPR-TAP-HEM-20,"Rodfor Team, SRL",2022-07-22,4.2797,0.770346,5.05005,NULL
MA-PPR-TAP-HEM-25,"Rodfor Team, SRL",2022-07-22,5.5508,0.999144,6.54994,NULL
MA-PPR-TAP-HEM-32,"Rodfor Team, SRL",2022-07-22,8.2627,1.48729,9.74999,NULL
MA-PPR-TAP-HEM-50,"Rodfor Team, SRL",2022-07-22,63.4746,11.4254,74.9,NULL
MA-PPR-TAP-HEM-63,"Rodfor Team, SRL",2022-07-22,85.9322,15.4678,101.4,NULL
MA-PPR-TAP-HEM-90,"Rodfor Team, SRL",2022-07-22,247.436,44.5386,291.975,NULL
MA-PPR-TEE-32x25x32,"Eurotubos Industrial, S.R.L.",2022-08-30,28.44,5.1192,33.5592,NULL
MA-PPR-TERM110v-20-63,"Eurotubos Industrial, S.R.L.",2022-08-30,4093.07,736.753,4829.82,NULL
MA-PPR-VAL-BOL-UM-110,"No Tiene Suplidor Especifico",2022-12-21,7000,1260,8260,NULL
MA-PPR-VAL-BOL-UM-20,"Eurotubos Industrial, S.R.L.",2022-08-30,533.68,96.0624,629.742,NULL
MA-PPR-VAL-BOL-UM-25,"Eurotubos Industrial, S.R.L.",2022-08-30,740.1,133.218,873.318,NULL
MA-PPR-VAL-BOL-UM-32,"Eurotubos Industrial, S.R.L.",2022-08-30,1141.27,205.429,1346.7,NULL
MA-PPR-VAL-BOL-UM-90,"Rodfor Team, SRL",2021-04-05,5647,1016.46,6663.46,NULL
MA-PPR-VAL-RGP-25,"No Tiene Suplidor Especifico",2021-01-14,1269,228.42,1497.42,NULL
MA-PPR-VAL-RGP-32,"No Tiene Suplidor Especifico",2021-01-14,2930.85,527.553,3458.4,NULL
MA-PPR-VAL-RGP-63,"No Tiene Suplidor Especifico",2021-01-14,7184,1293.12,8477.12,NULL
MA-PVC-ARA-4,Ferremix,2022-12-19,111.186,20.0136,131.2,NULL
MA-PVC-DREN-COD-1½x45º,"Distribuidora 0212 S.R.L.",2022-10-22,11.2627,2.02729,13.29,NULL
MA-PVC-DREN-COD-6x90º,Ferremix,2023-01-03,485.822,87.448,573.27,NULL
MA-PVC-DREN-COD-8x45º,"Rodfor Team, SRL",2023-01-03,2694.92,485.086,3180.01,NULL
MA-PVC-DREN-COD-8x90º,Ferremix,2023-01-03,3500.86,630.154,4131.01,NULL
MA-PVC-DREN-COUP-1½,"Distribuidora 0212 S.R.L.",2022-10-22,7.7542,1.39576,9.14996,NULL
MA-PVC-DREN-COUP-2,"Ferretería Ochoa",2022-12-21,33.2627,5.98729,39.25,NULL
MA-PVC-DREN-COUP-3,"Ferretería Ochoa",2022-12-21,70.2034,12.6366,82.84,NULL
MA-PVC-DREN-COUP-4,"Ferretería Ochoa",2022-12-21,133.966,24.1139,158.08,NULL
MA-PVC-DREN-COUP-6,Ferremix,2022-12-21,469,84.42,553.42,NULL
MA-PVC-DREN-RED-4x2,"Rodfor Team, SRL",2023-01-03,50.85,9.153,60.003,NULL
MA-PVC-DREN-RED-6x4,"Rodfor Team, SRL",2023-01-03,224.58,40.4244,265.004,NULL
MA-PVC-DREN-RED-8x4,"Rodfor Team, SRL",2023-01-03,2349.15,422.847,2772,NULL
MA-PVC-DREN-RED-8x6,"Rodfor Team, SRL",2023-01-03,2349.15,422.847,2772,NULL
MA-PVC-DREN-SIF-2,"Antonio P. Haché y Ferreteria Haché S. A.",2020-09-29,100.81,18.1458,118.956,NULL
MA-PVC-DREN-SIF-DBL-FRE,"Antonio P. Haché y Ferreteria Haché S. A.",2020-12-07,117.79,21.2022,138.992,NULL
MA-PVC-DREN-SIF-LM,Ferremix,2022-12-20,114.407,20.5932,135,NULL
MA-PVC-DREN-TAP-HEM-1½,"No Tiene Suplidor Especifico",2021-01-14,15,2.7,17.7,NULL
MA-PVC-DREN-TAP-HEM-2,"No Tiene Suplidor Especifico",2022-12-15,86.1,15.498,101.598,NULL
MA-PVC-DREN-TAP-HEM-3,"Ferre Universo",2020-11-27,105,18.9,123.9,NULL
MA-PVC-DREN-TAP-HEM-4,"No Tiene Suplidor Especifico",2022-12-15,132,23.76,155.76,NULL
MA-PVC-DREN-TAP-HEM-6,"No Tiene Suplidor Especifico",2021-01-14,145,26.1,171.1,NULL
MA-PVC-DREN-TAP-REG-2x2,"Ferretería Americana",2012-02-20,21.65,3.897,25.547,NULL
MA-PVC-DREN-TAP-REG-3x3,"Ferretería Americana",2012-02-20,50.98,9.1764,60.1564,NULL
MA-PVC-DREN-TAP-REG-4x4,"Ferretería Americana",2012-02-20,91.1,16.398,107.498,NULL
MA-PVC-DREN-TAP-REG-6x6,"Ferretería Americana",2012-02-20,480,86.4,566.4,NULL
MA-PVC-DREN-TEE-1½x1½,"Ferretería Americana",2012-02-20,21.3,3.834,25.134,NULL
MA-PVC-DREN-TEE-2x2,"Distribuidora 0212 S.R.L.",2022-10-22,35.4576,6.38237,41.84,NULL
MA-PVC-DREN-TEE-3x2,"Distribuidora 0212 S.R.L.",2022-10-22,70.4492,12.6809,83.1301,NULL
MA-PVC-DREN-TEE-4x2,"Distribuidora 0212 S.R.L.",2022-10-22,92.9576,16.7324,109.69,NULL
MA-PVC-DREN-TEE-4x3,"Distribuidora 0212 S.R.L.",2022-10-22,128.576,23.1437,151.72,NULL
MA-PVC-DREN-TEE-6x4,"Ferretería Americana",2012-02-20,560,100.8,660.8,NULL
MA-PVC-DREN-YEE-3x3,"Distribuidora 0212 S.R.L.",2022-10-22,107.517,19.353,126.87,NULL
MA-PVC-DREN-YEE-4x3,"Distribuidora 0212 S.R.L.",2022-10-22,144.508,26.0115,170.52,NULL
MA-PVC-DREN-YEE-8x8,"Rodfor Team, SRL",2023-01-03,5283.9,951.102,6235,NULL
MA-PVC-PISC-VAL-DBLU-2,"JDL Electro Plomer Pool, S.R.L.",2023-01-05,1542.51,277.652,1820.16,NULL
MA-PVC-SCH40-ADA-HEM-1,"Distribuidora 0212 S.R.L.",2022-10-22,11.6017,2.08831,13.69,NULL
MA-PVC-SCH40-ADA-HEM-½,"Distribuidora 0212 S.R.L.",2022-10-22,5.2203,0.939654,6.15995,NULL
MA-PVC-SCH40-ADA-HEM-1½,"Distribuidora 0212 S.R.L.",2022-10-22,21.94,3.9492,25.8892,NULL
MA-PVC-SCH40-ADA-HEM-3,"Distribuidora 0212 S.R.L.",2022-10-22,66.0424,11.8876,77.93,NULL
MA-PVC-SCH40-ADA-HEM-¾,"Distribuidora 0212 S.R.L.",2022-10-22,7.6695,1.38051,9.05001,NULL
MA-PVC-SCH40-ADA-HEM-4,"No Tiene Suplidor Especifico",2012-02-20,59.89,10.7802,70.6702,NULL
MA-PVC-SCH40-ADA-MAC-1,"Distribuidora 0212 S.R.L.",2022-10-22,9.3729,1.68712,11.06,NULL
MA-PVC-SCH40-ADA-MAC-½,"Distribuidora 0212 S.R.L.",2022-10-22,3.9915,0.71847,4.70997,NULL
MA-PVC-SCH40-ADA-MAC-1½,"Distribuidora 0212 S.R.L.",2022-10-22,19.7203,3.54965,23.27,NULL
MA-PVC-SCH40-ADA-MAC-3,"Distribuidora 0212 S.R.L.",2022-10-22,86.9492,15.6509,102.6,NULL
MA-PVC-SCH40-ADA-MAC-¾,"Distribuidora 0212 S.R.L.",2022-10-22,5.5339,0.996102,6.53,NULL
MA-PVC-SCH40-ADA-MAC-4,"Ferretería Americana",2012-02-20,81.32,14.6376,95.9576,NULL
MA-PVC-SCH40-COD-½x90º,"Distribuidora 0212 S.R.L.",2022-10-22,6.5254,1.17457,7.69997,NULL
MA-PVC-SCH40-COD-1½x90º,"Distribuidora 0212 S.R.L.",2022-10-22,31.9153,5.74475,37.6601,NULL
MA-PVC-SCH40-COD-1x45º,"Materiales Industriales",2022-12-18,17.8,3.204,21.004,NULL
MA-PVC-SCH40-COD-1x90º,"Distribuidora 0212 S.R.L.",2022-10-22,15.1441,2.72594,17.87,NULL
MA-PVC-SCH40-COD-¾x45º,"Materiales Industriales",2022-12-18,10.17,1.8306,12.0006,NULL
MA-PVC-SCH40-COD-¾x90º,"Materiales Industriales",2022-12-18,12.71,2.2878,14.9978,NULL
MA-PVC-SCH40-COD-3x90º,"Distribuidora 0212 S.R.L.",2022-10-22,143,25.74,168.74,NULL
MA-PVC-SCH40-COD-6x45º,"Ferretería Americana",2012-02-20,484.81,87.2658,572.076,NULL
MA-PVC-SCH40-COD-6x90º,"Ferretería Americana",2012-02-20,664.17,119.551,783.721,NULL
MA-PVC-SCH40-COD-8x45º,"Ferretería Americana",2012-02-20,1354,243.72,1597.72,NULL
MA-PVC-SCH40-COD-8x90º,"Ferretería Americana",2012-02-20,1709.93,307.787,2017.72,NULL
MA-PVC-SCH40-COUP-1,"Materiales Industriales",2022-12-18,11.86,2.1348,13.9948,NULL
MA-PVC-SCH40-COUP-½,"Distribuidora 0212 S.R.L.",2022-10-22,4.0339,0.726102,4.76,NULL
MA-PVC-SCH40-COUP-1½,"Distribuidora 0212 S.R.L.",2022-10-22,16.2966,2.93339,19.23,NULL
MA-PVC-SCH40-COUP-¾,"Materiales Industriales",2022-12-18,7.63,1.3734,9.0034,NULL
MA-PVC-SCH40-COUP-6,"Materiales Industriales",2022-12-18,550,99,649,NULL
MA-PVC-SCH40-COUP-8,"Ferre Universo",2020-12-04,1250,225,1475,NULL
MA-PVC-SCH40-RED-1½x1,"Materiales Industriales",2022-12-18,35.59,6.4062,41.9962,NULL
MA-PVC-SCH40-RED-1½x½,"Distribuidora 0212 S.R.L.",2022-10-22,19.9407,3.58933,23.53,NULL
MA-PVC-SCH40-RED-1½x¾,"Ferretería Americana",2011-05-20,18.1,3.258,21.358,NULL
MA-PVC-SCH40-RED-1x½,"Distribuidora 0212 S.R.L.",2022-10-22,7.9746,1.43543,9.41003,NULL
MA-PVC-SCH40-RED-1x¾,"Distribuidora 0212 S.R.L.",2022-10-22,6.2458,1.12424,7.37004,NULL
MA-PVC-SCH40-RED-2x1,"Distribuidora 0212 S.R.L.",2022-10-22,40.6864,7.32355,48.01,NULL
MA-PVC-SCH40-RED-2x1½,"Distribuidora 0212 S.R.L.",2022-10-22,40.6864,7.32355,48.01,NULL
MA-PVC-SCH40-RED-¾x½,"Distribuidora 0212 S.R.L.",2022-10-22,3,0.54,3.54,NULL
MA-PVC-SCH40-RED-3x2,"Ferretería Americana",2011-05-20,58.62,10.5516,69.1716,NULL
MA-PVC-SCH40-RED-4x3,"Ferretería Americana",2011-05-20,131.03,23.5854,154.615,NULL
MA-PVC-SCH40-RED-6x4,"Ferretería Americana",2011-05-20,304,54.72,358.72,NULL
MA-PVC-SCH40-TAP-HEM-1,"Distribuidora 0212 S.R.L.",2022-10-22,6.5339,1.1761,7.71,NULL
MA-PVC-SCH40-TAP-HEM-2,"Distribuidora 0212 S.R.L.",2022-10-22,19.9322,3.5878,23.52,NULL
MA-PVC-SCH40-TAP-HEM-3,"Distribuidora 0212 S.R.L.",2022-10-22,56.5763,10.1837,66.76,NULL
MA-PVC-SCH40-TAP-HEM-4,"Distribuidora 0212 S.R.L.",2022-10-22,88.5678,15.9422,104.51,NULL
MA-PVC-SCH40-TAP-HEM-6,"Ferretería Americana",2011-05-20,354.31,63.7758,418.086,NULL
MA-PVC-SCH40-TAP-HEM-8,"Ferretería Americana",2011-05-20,812.07,146.173,958.243,NULL
MA-PVC-SCH40-TEE-½x½,"Distribuidora 0212 S.R.L.",2022-10-22,8.339,1.50102,9.84002,NULL
MA-PVC-SCH40-TEE-1½x1½,"Distribuidora 0212 S.R.L.",2022-10-22,39.9237,7.18627,47.11,NULL
MA-PVC-SCH40-TEE-1x1,"Materiales Industriales",2022-12-18,24.58,4.4244,29.0044,NULL
MA-PVC-SCH40-TEE-3x3,"Distribuidora 0212 S.R.L.",2022-10-22,172.161,30.989,203.15,NULL
MA-PVC-SCH40-TEE-4x4,"Distribuidora 0212 S.R.L.",2022-10-22,282.814,50.9064,333.72,NULL
MA-PVC-SCH40-TEE-6x6,"Ferretería Americana",2011-05-20,1046.55,188.379,1234.93,NULL
MA-PVC-SCH40-TEE-8x8,"Ferretería Americana",2012-02-20,2856,514.08,3370.08,NULL
MA-PVC-SCH40-TUB-½,"Distribuidora 0212 S.R.L.",2022-10-22,209.898,37.7817,247.68,NULL
MA-PVC-SCH40-TUB-3,"Distribuidora 0212 S.R.L.",2022-10-22,1993.64,358.854,2352.49,NULL
MA-PVC-SCH40-TUB-¾,"Distribuidora 0212 S.R.L.",2022-10-22,297.297,53.5134,350.81,NULL
MA-PVC-SCH40-TUB-6,"Distribuidora 0212 S.R.L.",2022-10-22,5493,988.74,6481.74,NULL
MA-PVC-SCH40-TUB-8,"Distribuidora 0212 S.R.L.",2022-10-22,8270.1,1488.62,9758.72,NULL
MA-PVC-SCH40-VAL-BOL-4,"Garcia and Llerandi, S.A.S.",2022-10-26,8025,1444.5,9469.5,NULL
MA-PVC-SCH80-TUB-1,"Distribuidora 0212 S.R.L.",2022-10-22,820.347,147.663,968.01,NULL
MA-PVC-SCH80-TUB-½,"Distribuidora 0212 S.R.L.",2022-10-22,410.178,73.832,484.01,NULL
MA-PVC-SCH80-TUB-1½,"Distribuidora 0212 S.R.L.",2022-10-22,1342.76,241.697,1584.46,NULL
MA-PVC-SCH80-TUB-2,"Distribuidora 0212 S.R.L.",2022-10-22,1902.38,342.429,2244.81,NULL
MA-PVC-SCH80-TUB-3,"Distribuidora 0212 S.R.L.",2022-10-22,3884.89,699.28,4584.17,NULL
MA-PVC-SCH80-TUB-¾,"Distribuidora 0212 S.R.L.",2022-10-22,556.441,100.159,656.6,NULL
MA-PVC-SCH80-TUB-4,"Distribuidora 0212 S.R.L.",2022-10-22,5677.58,1021.96,6699.54,NULL
MA-PVC-SCH80-TUB-6,"Distribuidora 0212 S.R.L.",2022-10-22,10831.8,1949.72,12781.5,NULL
MA-PVC-SCH80-TUB-8,"Distribuidora 0212 S.R.L.",2022-10-22,17244.8,3104.07,20348.9,NULL
MA-PVC-SDR26-CUR-1,"No Tiene Suplidor Especifico",2021-01-14,9.73,1.7514,11.4814,NULL
MA-PVC-SDR26-CUR-½,"No Tiene Suplidor Especifico",2021-01-14,4.98,0.8964,5.8764,NULL
MA-PVC-SDR26-CUR-1½,"No Tiene Suplidor Especifico",2021-01-14,28.97,5.2146,34.1846,NULL
MA-PVC-SDR26-CUR-2,"No Tiene Suplidor Especifico",2021-01-14,28.35,5.103,33.453,NULL
MA-PVC-SDR26-CUR-3,"No Tiene Suplidor Especifico",2021-01-14,114.05,20.529,134.579,NULL
MA-PVC-SDR26-CUR-¾,"No Tiene Suplidor Especifico",2023-01-11,20,3.6,23.6,NULL
MA-PVC-SDR26-TUB-1,"Distribuidora 0212 S.R.L.",2022-10-22,211.449,38.0609,249.51,NULL
MA-PVC-SDR26-TUB-½,"Distribuidora 0212 S.R.L.",2022-10-22,81.8729,14.7371,96.61,NULL
MA-PVC-SDR26-TUB-10,"Distribuidora 0212 S.R.L.",2022-10-22,13198.2,2375.68,15573.9,NULL
MA-PVC-SDR26-TUB-1½,"Distribuidora 0212 S.R.L.",2022-10-22,412.72,74.2897,487.01,NULL
MA-PVC-SDR26-TUB-12,"Distribuidora 0212 S.R.L.",2022-10-22,18577.6,3343.96,21921.5,NULL
MA-PVC-SDR26-TUB-2,"Distribuidora 0212 S.R.L.",2022-10-22,643.559,115.841,759.4,NULL
MA-PVC-SDR26-TUB-3,"Ferretería Americana",2012-02-20,921.25,165.825,1087.07,NULL
MA-PVC-SDR26-TUB-¾,"Distribuidora 0212 S.R.L.",2022-10-22,130.364,23.4656,153.83,NULL
MA-PVC-SDR26-TUB-4,"Distribuidora 0212 S.R.L.",2022-10-22,2311.92,416.146,2728.07,NULL
MA-PVC-SDR26-TUB-6,"Distribuidora 0212 S.R.L.",2022-10-22,5026.07,904.692,5930.76,NULL
MA-PVC-SDR26-TUB-8,"Distribuidora 0212 S.R.L.",2022-10-22,8516.69,1533,10049.7,NULL
MA-PVC-SDR32.5-TUB-10,"Distribuidora 0212 S.R.L.",2022-10-22,10664.2,1919.56,12583.8,NULL
MA-PVC-SDR32.5-TUB-12,"Distribuidora 0212 S.R.L.",2022-10-22,14987.3,2697.71,17685,NULL
MA-PVC-SDR32.5-TUB-16,"Distribuidora 0212 S.R.L.",2022-10-22,23600.1,4248.02,27848.2,NULL
MA-PVC-SDR32.5-TUB-2,"Distribuidora 0212 S.R.L.",2022-10-22,519.398,93.4917,612.89,NULL
MA-PVC-SDR32.5-TUB-3,"Distribuidora 0212 S.R.L.",2022-10-22,1131.47,203.665,1335.14,NULL
MA-PVC-SDR32.5-TUB-4,"Distribuidora 0212 S.R.L.",2022-10-22,1860.73,334.931,2195.66,NULL
MA-PVC-SDR32.5-TUB-6,"Distribuidora 0212 S.R.L.",2022-10-22,4050.24,729.043,4779.28,NULL
MA-PVC-SDR32.5-TUB-8,"Distribuidora 0212 S.R.L.",2022-10-22,6850.08,1233.01,8083.09,NULL
MA-PVC-SDR41-TUB-1½,"Distribuidora 0212 S.R.L.",2022-10-22,285.059,51.3107,336.37,NULL
MA-PVC-SDR41-TUB-16,"Distribuidora 0212 S.R.L.",2022-10-22,18832.9,3389.92,22222.8,NULL
MA-PVC-SDR41-TUB-18,"Distribuidora 0212 S.R.L.",2022-10-22,23846.7,4292.41,28139.1,NULL
MA-PVC-SDR41-TUB-20,"Distribuidora 0212 S.R.L.",2022-10-22,29456.9,5302.24,34759.1,NULL
MA-PVC-SDR41-TUB-24,"Distribuidora 0212 S.R.L.",2022-10-22,42378.8,7628.19,50007,NULL
MA-PVC-SDR41-TUB-4,"Materiales Industriales",2022-12-18,1761.02,316.984,2078,NULL
MA-PVC-SDR41-TUB-6,"Materiales Industriales",2022-12-18,4789.79,862.162,5651.95,NULL
MA-PVC-TAP-HEM-½,"No Tiene Suplidor Especifico",2023-02-03,3.54,0.6372,4.1772,NULL
MA-PVC-UNU-1,"Ferretería Americana",2011-05-20,40,7.2,47.2,NULL
MA-PVC-UNU-1½,"Ferretería Americana",2011-05-20,120,21.6,141.6,NULL
MA-PVC-UNU-2,"Ferretería Americana",2011-05-20,178.45,32.121,210.571,NULL
MA-PVC-UNU-3,"Ferretería Americana",2011-05-20,27.5,4.95,32.45,NULL
MA-PVC-UNU-¾,"Ferretería Americana",2011-05-20,27.5,4.95,32.45,NULL
MA-REG-VAL,"Feray, S.R.L.",2022-11-11,4875,877.5,5752.5,Bugatti
MO,"No Tiene Suplidor Especifico",2022-12-15,350,63,413,NULL
