Codigo,Suplidor,Fecha,Precio_sin_Itbis,Marca
AA-REFR-R410A,No Tiene Suplidor Especifico,2023/02/16,440,
EQ-APS-REJ-HELVEX,Almacenes Unidos,2022/11/30,2211.86,
EQ-APS-REJ-HELVEX,Materiales Industriales,2022/11/30,2072.03,
EQ-APS-REJ-HELVEX,Ferretería Ochoa,2022/11/30,1723.72,
EQ-BOM-ACFA-½,"Importadora Tropical, SA",2020/09/02,50605,
EQ-BOM-BASE,No Tiene Suplidor Especifico,2023/01/31,16949.1525,
EQ-BOM-BASE-3U,No Tiene Suplidor Especifico,2020/09/28,48000,
EQ-CHQ-BOL-4,"Importadora Tropical, SA",2022/10/26,28150,
EQ-CHQS-2.5,No Tiene Suplidor Especifico,2023/01/12,800,
EQ-CHQV-1½,"Garcia and Llerandi, S.A.S.",2022/10/12,1555,
EQ-COND-EVA-FCOIL-24KBTU,Refricentro Rubiera,2023/02/22,110000,Lennox
EQ-COND-EVA-FCOIL-24KBTU,Refricentro Rubiera,2023/02/22,124000,LG
EQ-COND-EVA-FCOIL-36KBTU,Refripartes SA,2023/02/15,122457.627,
EQ-COND-EVA-FCOIL-36KBTU,Refricentro Rubiera,2023/02/22,160000,LG
EQ-COND-EVA-FCOIL-36KBTU,Refricentro Rubiera,2023/02/22,142500,Lennox
EQ-COND-EVA-FCOIL-48KBTU,Refripartes SA,2023/02/15,161016.949,
EQ-COND-EVA-FCOIL-48KBTU,Refricentro Rubiera,2023/02/22,180000,Lennox
EQ-COND-EVA-FCOIL-48KBTU,Refricentro Rubiera,2023/02/22,185000,LG
EQ-COND-EVA-FCOIL-60KBTU,Refripartes SA,2023/02/15,173305.085,
EQ-COND-EVA-FCOIL-60KBTU,Refricentro Rubiera,2023/02/22,216000,LG
EQ-COND-EVA-FCOIL-60KBTU,Refricentro Rubiera,2023/02/22,200000,Lennox
EQ-COND-EVA-SPLIT-PAR-12KBTU,No Tiene Suplidor Especifico,2023/02/03,19910,
EQ-COND-EVA-SPLIT-PAR-12KBTU,"LG ElectronicsS Panama, S.A. Branch Dominicana",2023/02/09,20790,
EQ-COND-EVA-SPLIT-PAR-18KBTU,No Tiene Suplidor Especifico,2023/02/03,28050,
EQ-COND-EVA-SPLIT-PAR-18KBTU,"LG ElectronicsS Panama, S.A. Branch Dominicana",2023/02/09,29095,
EQ-COND-EVA-SPLIT-PAR-24KBTU,No Tiene Suplidor Especifico,2023/02/03,33880,
EQ-COND-EVA-SPLIT-PAR-24KBTU,"LG ElectronicsS Panama, S.A. Branch Dominicana",2023/02/09,34100,
EQ-COND-MSPLIT-30KBTU,"LG ElectronicsS Panama, S.A. Branch Dominicana",2023/02/09,59015,
EQ-COND-MSPLIT-36KBTU,"LG ElectronicsS Panama, S.A. Branch Dominicana",2023/02/09,81510,
EQ-COND-MSPLIT-53KBTU,Unirefri,2023/02/17,154800,
EQ-ELEC-ALA-12,No Tiene Suplidor Especifico,2023/01/12,9,
EQ-ELEC-ALA-14,No Tiene Suplidor Especifico,2023/01/12,6.2,
EQ-ELEC-BOM-CEFG-115GPM-50PSI-TRIF-208-230/460-3HP,No Tiene Suplidor Especifico,2023/01/12,30000,
EQ-ELEC-BOM-CEFG-TRIF-230/460-15HP,"Garcia and Llerandi, S.A.S.",2022/12/01,131932,
EQ-ELEC-BOM-CEFG-TRIF-230/460-5HP,No Tiene Suplidor Especifico,2020/09/28,69799.95,
EQ-ELEC-BOM-CEFG-TRIF-230/460-7.5HP,No Tiene Suplidor Especifico,2020/09/28,80458.51,
EQ-ELEC-BOM-CEFG-TRIF-230-1.5HP,"Garcia and Llerandi, S.A.S.",2022/11/18,30240,
EQ-ELEC-BOM-CEFG-TRIF-300GPM-150PSI-208-230/460,No Tiene Suplidor Especifico,2022/10/28,463284.88,
EQ-ELEC-BOM-JOCK-20GPM,No Tiene Suplidor Especifico,2022/10/28,97843.2203,
EQ-ELEC-BOM-SGBL-INTBL-5HP,No Tiene Suplidor Especifico,2023/02/01,110000,
EQ-ELEC-PISC-PAN,No Tiene Suplidor Especifico,2023/01/12,42372.8814,
EQ-ELEC-VAL-FL,No Tiene Suplidor Especifico,2023/02/01,1500,
EQ-EVA-FCOIL-12KBTU,"LG ElectronicsS Panama, S.A. Branch Dominicana",2023/02/03,33325.91,
EQ-EVA-FCOIL-12KBTU,Unirefri,2023/02/17,31779.661,
EQ-EVA-FCOIL-18KBTU,"LG ElectronicsS Panama, S.A. Branch Dominicana",2023/02/03,34127.44,
EQ-EVA-FCOIL-18KBTU,Unirefri,2023/02/17,38135.5932,
EQ-EVA-FCOIL-24KBTU,"LG ElectronicsS Panama, S.A. Branch Dominicana",2023/02/03,37734.92,
EQ-EVA-FCOIL-24KBTU,Unirefri,2023/02/17,44491.5254,
EQ-EVA-FCOIL-30KBTU,Unirefri,2023/02/17,52966.1017,
EQ-EVA-FCOIL-36KBTU,"LG ElectronicsS Panama, S.A. Branch Dominicana",2023/02/03,49701.95,
EQ-EVA-FCOIL-36KBTU,Unirefri,2023/02/17,54110.1695,
EQ-EVA-FCOIL-42KBTU,"LG ElectronicsS Panama, S.A. Branch Dominicana",2023/02/17,50837.853,
EQ-EVA-FCOIL-48KBTU,"LG ElectronicsS Panama, S.A. Branch Dominicana",2023/02/03,51925.99,
EQ-EVA-FCOIL-55KBTU,Unirefri,2023/02/17,77966.1017,
EQ-EVA-FCOIL-60KBTU,"LG ElectronicsS Panama, S.A. Branch Dominicana",2023/02/03,75011.38,
EQ-EVA-FCOIL-9KBTU,No Tiene Suplidor Especifico,2023/02/17,27542.3729,
EQ-EVA-MSPLIT-PAR-12KBTU,"LG ElectronicsS Panama, S.A. Branch Dominicana",2023/02/09,10065,
EQ-EVA-MSPLIT-PAR-18KBTU,"LG ElectronicsS Panama, S.A. Branch Dominicana",2023/02/09,13255,
EQ-EVA-MSPLIT-PAR-24KBTU,"LG ElectronicsS Panama, S.A. Branch Dominicana",2023/02/09,13585,
EQ-EXT-ABC-10,No Tiene Suplidor Especifico,2020/06/10,4200,
EQ-EXT-CO2-10,No Tiene Suplidor Especifico,2020/06/10,12400,
EQ-EXTR-FILCA,No Tiene Suplidor Especifico,2023/02/13,3575,
EQ-FAR-SUP-300W-12V,No Tiene Suplidor Especifico,2023/01/05,13559.322,
EQ-FL,No Tiene Suplidor Especifico,2023/01/12,1650,
EQ-FL,"Importadora Tropical, SA",2020/12/15,1885,
EQ-GCI-24x30,No Tiene Suplidor Especifico,2020/06/10,30000,
EQ-GM-10-16,No Tiene Suplidor Especifico,2023/01/12,800,
EQ-HF-CAJ-TELE-VAL,JG Acueductos Y Partes S.R.L.,2020/03/03,750,
EQ-HF-VALC-PLAT-250PSI-4,JG Acueductos Y Partes S.R.L.,2020/03/03,2700,
EQ-HIDR-4,JG Acueductos Y Partes S.R.L.,2020/03/03,79000,
EQ-HIDR-4,No Tiene Suplidor Especifico,2023/02/09,110000,
EQ-INST-ELEC,No Tiene Suplidor Especifico,2023/01/31,93220.339,
EQ-INST-MEC,No Tiene Suplidor Especifico,2023/02/14,186440.7,
EQ-JTDR-CRIO-4,JG Acueductos Y Partes S.R.L.,2020/03/03,18500,
EQ-MAN-0-100PSI,No Tiene Suplidor Especifico,2023/01/12,900,
EQ-MAN-0-100PSI,"Importadora Tropical, SA",2020/12/15,1145,
EQ-MISC-PERFILT-14,No Tiene Suplidor Especifico,2023/02/22,444.44,
EQ-PAN-VAR-1-5HP,No Tiene Suplidor Especifico,2020/09/28,84745.76,
EQ-PAN-VAR-1-7.5HP,No Tiene Suplidor Especifico,2020/09/28,105932.2,
EQ-PAN-VAR-2-15HP,SP Servicios Electricos Industriales S.R.L,2022/11/15,239413.9,
EQ-PISC-ACM,"JDL Electro Plomer Pool, S.R.L.",2023/01/05,335.55,
EQ-PISC-BOM-1,"JDL Electro Plomer Pool, S.R.L.",2023/02/16,30190.678,
EQ-PISC-BOM-2,"JDL Electro Plomer Pool, S.R.L.",2022/02/28,29270.74,
EQ-PISC-BOM-2.5,"JDL Electro Plomer Pool, S.R.L.",2023/01/05,56934.81,
EQ-PISC-BOM-5,No Tiene Suplidor Especifico,2023/02/22,87300,
EQ-PISC-CEPAL,"JDL Electro Plomer Pool, S.R.L.",2023/01/05,675.08,
EQ-PISC-CLO,"JDL Electro Plomer Pool, S.R.L.",2023/01/05,6796.56,
EQ-PISC-COLF,"JDL Electro Plomer Pool, S.R.L.",2023/01/05,1527.97,
"EQ-PISC-FIL-21""","JDL Electro Plomer Pool, S.R.L.",2022/05/04,24922.1,
EQ-PISC-FIL-30,"JDL Electro Plomer Pool, S.R.L.",2023/01/05,45597.02,
EQ-PISC-FOND-2,"JDL Electro Plomer Pool, S.R.L.",2023/01/05,816.6,
EQ-PISC-FOND-2,"JDL Electro Plomer Pool, S.R.L.",2022/07/11,939.09,
EQ-PISC-GROUT,SPC Servicios y Productos para la Construcción SRL,2023/01/12,1401.5678,
EQ-PISC-INY,"JDL Electro Plomer Pool, S.R.L.",2023/01/05,167.18,
EQ-PISC-LIMP,"JDL Electro Plomer Pool, S.R.L.",2023/01/05,3837.6,
EQ-PISC-MANG-40,"JDL Electro Plomer Pool, S.R.L.",2023/01/05,3010.12,
EQ-PISC-RECE,"JDL Electro Plomer Pool, S.R.L.",2023/01/05,133.71,
EQ-PISC-REG,"JDL Electro Plomer Pool, S.R.L.",2023/01/05,462.67,
EQ-PISC-SKI,"JDL Electro Plomer Pool, S.R.L.",2023/01/05,5530.28,
EQ-PISC-SKI,No Tiene Suplidor Especifico,2023/01/05,8000,
EQ-PISC-SUPBL,"JDL Electro Plomer Pool, S.R.L.",2023/01/05,913.58,
EQ-PISC-TUB-TELE,"JDL Electro Plomer Pool, S.R.L.",2023/01/05,2064.21,
EQ-PISC-WURTH,SPC Servicios y Productos para la Construcción SRL,2023/01/12,1277.1186,
EQ-RCI-EST,INCIfire,2023/01/19,162,
EQ-RCI-MAN,INCIfire,2023/01/19,3800,
EQ-RCI-RO-COL,INCIfire,2023/01/19,865,
EQ-TQH-125PSI-120GL,"Importadora Tropical, SA",2023/01/16,78000,
EQ-TQH-125PSI-120GL,No Tiene Suplidor Especifico,2023/01/12,25654,
EQ-TRAN-100W-12V,"JDL Electro Plomer Pool, S.R.L.",2023/01/05,5670.49,
EQ-VAR-3HP,No Tiene Suplidor Especifico,2023/01/12,30000,
MA-AIS-20,Aislantes Dominicanos SAS,2021/10/01,1145,
MA-AIS-20,Aislantes Dominicanos SAS,2023/01/11,1910,
MA-AIS-25,Aislantes Dominicanos SAS,2021/10/01,1350,
MA-AIS-25,Aislantes Dominicanos SAS,2023/01/11,1910,
MA-AIS-32,Aislantes Dominicanos SAS,2021/10/01,1350,
MA-AIS-32,Aislantes Dominicanos SAS,2023/01/11,2450,
MA-AIS-50,Aislantes Dominicanos SAS,2021/10/01,1975,
MA-AIS-50,Aislantes Dominicanos SAS,2023/01/11,2690,
MA-AIS-63,Aislantes Dominicanos SAS,2021/10/01,2740,
MA-BRON-ADA-HEM-15x½,Garda Import And Export. S.R.L.,2020/08/26,108.6,
MA-BRON-TAP-HEM-¾,"Rodfor Team, SRL",2022/09/22,47.84,
MA-BRON-TAP-MAC-¾,"Rodfor Team, SRL",2022/09/22,61.12,
MA-ELEC-ALAG-12/4,No Tiene Suplidor Especifico,2023/02/03,47.4576,
MA-ELEC-ALAG-14/4,No Tiene Suplidor Especifico,2023/01/12,51.52,
MA-EMT-ABR-GALV-½,"Rodfor Team, SRL",2023/01/18,2.527,
MA-EMT-CAJM-4x2,"Rodfor Team, SRL",2023/01/18,38.595,
MA-EMT-CONEC-½,"Rodfor Team, SRL",2023/01/18,9.5,
MA-EMT-CUR-½x90,"Rodfor Team, SRL",2023/01/18,23.383,
MA-EMT-TAP-4x2,"Rodfor Team, SRL",2023/01/18,22.35,
MA-EMT-TUB-½x10,"Rodfor Team, SRL",2023/01/18,162.916,
MA-GLP-MED,"Rodfor Team, SRL",2023/02/01,3700,
MA-GLP-MED,No Tiene Suplidor Especifico,2021/01/14,3717,
MA-GLP-MED,No Tiene Suplidor Especifico,2023/02/22,3717,
MA-GLP-REGU-450KBTU,Tropigas,2020/11/11,4525,
MA-HG-ARA-¼,No Tiene Suplidor Especifico,2021/01/14,3.15,
MA-HG-ARA-?,"Rodfor Team, SRL",2020/06/16,3.15,
MA-HG-ARA-?,"Rodfor Team, SRL",2020/06/16,3.15,
MA-HG-ARA-5/16,No Tiene Suplidor Especifico,2021/01/14,3.155,
MA-HG-COD-NIP-½,No Tiene Suplidor Especifico,2023/02/02,27.38,
MA-HG-NIP-¾x12,No Tiene Suplidor Especifico,2021/01/14,345,
MA-HG-NIP-¾x12,No Tiene Suplidor Especifico,2022/12/15,345,
MA-HG-TAP-MAC-½,Garda Import And Export. S.R.L.,2020/08/26,54.1,
MA-HG-TAP-MAC-¾,Garda Import And Export. S.R.L.,2020/08/26,63,
MA-HG-TAP-MAC-1,Ferremix,2022/12/20,36.0508,
MA-HG-TAP-MAC-1½,Ferremix,2022/12/20,87.5593,
MA-HN-ACO-VIT-1½,JG Acueductos Y Partes S.R.L.,2023/02/03,656,
MA-HN-ACO-VIT-2,JG Acueductos Y Partes S.R.L.,2023/02/03,726,
MA-HN-ACO-VIT-2½,JG Acueductos Y Partes S.R.L.,2023/02/03,781,
MA-HN-ACO-VIT-3,JG Acueductos Y Partes S.R.L.,2023/02/03,874,
MA-HN-ACO-VIT-4,JG Acueductos Y Partes S.R.L.,2023/02/03,1207,
MA-HN-ACO-VIT-6,JG Acueductos Y Partes S.R.L.,2022/04/07,1485,
MA-HN-COD-RAN-2½x90º,JG Acueductos Y Partes S.R.L.,2023/02/03,668,
MA-HN-COD-RAN-2½x90º,No Tiene Suplidor Especifico,2020/07/10,535,
MA-HN-COD-RAN-2x45º,JG Acueductos Y Partes S.R.L.,2022/07/04,582,
MA-HN-COD-RAN-2x90º,"Garcia and Llerandi, S.A.S.",2020/02/18,205,
MA-HN-COD-RAN-2x90º,JG Acueductos Y Partes S.R.L.,2023/02/03,582,
MA-HN-COD-RAN-3x45º,JG Acueductos Y Partes S.R.L.,2022/07/04,800,
MA-HN-COD-RAN-3x90º,JG Acueductos Y Partes S.R.L.,2023/02/03,800,
MA-HN-COD-RAN-3x90º,No Tiene Suplidor Especifico,2021/01/14,550,
MA-HN-COD-RAN-4x45º,JG Acueductos Y Partes S.R.L.,2022/07/04,925,
MA-HN-COD-RAN-4x90º,JG Acueductos Y Partes S.R.L.,2023/02/03,925,
MA-HN-COD-RAN-4x90º,"Garcia and Llerandi, S.A.S.",2020/02/18,595,
MA-HN-COD-RAN-6x90º,JG Acueductos Y Partes S.R.L.,2023/02/03,1228.5,
MA-HN-COD-RAN-6x90º,No Tiene Suplidor Especifico,2021/01/14,945,
MA-HN-COD-RO-¾x90º,"Garcia and Llerandi, S.A.S.",2023/01/19,82,
MA-HN-COD-RO-1½x90º,"Lezcano Hermanos, C. por A.",2023/01/17,192,
MA-HN-COD-RO-1½x90º,JG Acueductos Y Partes S.R.L.,2023/02/03,216,
MA-HN-COD-RO-1x90º,"Lezcano Hermanos, C. por A.",2023/01/17,108,
MA-HN-COD-RO-1x90º,No Tiene Suplidor Especifico,2020/07/10,140.25,
MA-HN-COD-RO-1x90º,JG Acueductos Y Partes S.R.L.,2023/02/03,122,
MA-HN-COUP-RO-1,"Lezcano Hermanos, C. por A.",2023/02/01,167,
MA-HN-COUP-RO-1,No Tiene Suplidor Especifico,2021/01/14,164,
MA-HN-COUP-RO-1½,"Lezcano Hermanos, C. por A.",2023/02/01,242,
MA-HN-COUP-RO-2,"Lezcano Hermanos, C. por A.",2023/02/01,374,
MA-HN-NIP-2½x4,No Tiene Suplidor Especifico,2023/01/31,562,
MA-HN-NIP-2x4,"Garcia and Llerandi, S.A.S.",2022/10/12,103,
MA-HN-RED-1½x1,JG Acueductos Y Partes S.R.L.,2023/02/03,135,
MA-HN-RED-2x1,JG Acueductos Y Partes S.R.L.,2022/07/04,165,
MA-HN-RED-2x1½,JG Acueductos Y Partes S.R.L.,2022/07/04,185,
MA-HN-RED-6x4,JG Acueductos Y Partes S.R.L.,2022/07/04,640,
MA-HN-RED-COP-SOL-4x2,No Tiene Suplidor Especifico,2023/01/31,432,
MA-HN-SCH40-RED-RAN-3x1½,JG Acueductos Y Partes S.R.L.,2023/02/03,1955,
MA-HN-SCH40-RED-RAN-3x2,JG Acueductos Y Partes S.R.L.,2023/02/03,2541.5,
MA-HN-SCH40-RED-RAN-4x2,JG Acueductos Y Partes S.R.L.,2023/02/03,3153.9,
MA-HN-SCH40-RED-RAN-4x3,JG Acueductos Y Partes S.R.L.,2023/02/03,3409,
MA-HN-SCH40-RED-ROS-1x1/2,JG Acueductos Y Partes S.R.L.,2023/02/03,92,
MA-HN-SCH40-SCRA-TUB-¾,JG Acueductos Y Partes S.R.L.,2023/01/06,1100,
MA-HN-SCH40-SCRA-TUB-1,"Garcia and Llerandi, S.A.S.",2023/01/19,1760,
MA-HN-SCH40-SCRA-TUB-1,"Lezcano Hermanos, C. por A.",2023/01/17,1675,
MA-HN-SCH40-SCRA-TUB-1¼,JG Acueductos Y Partes S.R.L.,2022/04/07,3177,
MA-HN-SCH40-SCRA-TUB-1½,"Garcia and Llerandi, S.A.S.",2023/01/19,2535,
MA-HN-SCH40-SCRA-TUB-1½,"Lezcano Hermanos, C. por A.",2023/01/17,2900,
MA-HN-SCH40-SCRA-TUB-2,JG Acueductos Y Partes S.R.L.,2022/04/07,4411,
MA-HN-SCH40-SCRA-TUB-2½,JG Acueductos Y Partes S.R.L.,2022/04/07,6371,
MA-HN-SCH40-SCRA-TUB-3,"Garcia and Llerandi, S.A.S.",2023/01/19,6960,
MA-HN-SCH40-SCRA-TUB-3,"Lezcano Hermanos, C. por A.",2023/01/17,7580,
MA-HN-SCH40-SCRA-TUB-4,"Garcia and Llerandi, S.A.S.",2023/01/19,9920,
MA-HN-SCH40-SCRA-TUB-4,"Lezcano Hermanos, C. por A.",2023/01/17,10350,
MA-HN-SCH40-SCRA-TUB-6,JG Acueductos Y Partes S.R.L.,2022/04/07,20575,
MA-HN-SCH40-TEE-RAN-1,No Tiene Suplidor Especifico,2020/07/10,178.87,
MA-HN-SCH40-TEE-RAN-1,JG Acueductos Y Partes S.R.L.,2023/02/03,150,
MA-HN-SCH40-TEE-RAN-1¼,No Tiene Suplidor Especifico,2020/07/10,233.05,
MA-HN-SCH40-TEE-RAN-1½,No Tiene Suplidor Especifico,2021/01/14,287,
MA-HN-SCH40-TEE-RAN-1½,JG Acueductos Y Partes S.R.L.,2023/02/03,575,
MA-HN-SCH40-TEE-RAN-1½x1,JG Acueductos Y Partes S.R.L.,2022/07/04,110,
MA-HN-SCH40-TEE-RAN-2,No Tiene Suplidor Especifico,2020/07/10,450,
MA-HN-SCH40-TEE-RAN-2,JG Acueductos Y Partes S.R.L.,2023/02/03,700,
MA-HN-SCH40-TEE-RAN-2½,No Tiene Suplidor Especifico,2020/07/10,450,
MA-HN-SCH40-TEE-RAN-2½,JG Acueductos Y Partes S.R.L.,2023/02/03,937.5,
MA-HN-SCH40-TEE-RAN-2x1,JG Acueductos Y Partes S.R.L.,2022/07/04,135,
MA-HN-SCH40-TEE-RAN-3,No Tiene Suplidor Especifico,2020/07/10,1144,
MA-HN-SCH40-TEE-RAN-3,JG Acueductos Y Partes S.R.L.,2023/02/03,1196,
MA-HN-SCH40-TEE-RAN-4,No Tiene Suplidor Especifico,2020/07/10,1642,
MA-HN-SCH40-TEE-RAN-4,JG Acueductos Y Partes S.R.L.,2023/02/03,1898,
MA-HN-SCH40-TEE-RAN-6,JG Acueductos Y Partes S.R.L.,2022/07/04,2650,
MA-HN-SCH40-TEE-RO-1,"Lezcano Hermanos, C. por A.",2023/01/17,130,
MA-HN-SCH40-TEE-RO-1,No Tiene Suplidor Especifico,2020/07/10,178.87,
MA-HN-SCH40-TEE-RO-1½,"Lezcano Hermanos, C. por A.",2023/01/17,270,
MA-HN-SCH40-TEE-RO-1½,No Tiene Suplidor Especifico,2021/01/14,287,
MA-HN-SCH40-TUB-½,No Tiene Suplidor Especifico,2020/07/10,625,
MA-HN-SCH40-TUB-¾,No Tiene Suplidor Especifico,2020/07/10,625,
MA-HN-SCH40-TUB-1,No Tiene Suplidor Especifico,2020/07/10,1788.1356,
MA-HN-SCH40-TUB-1¼,No Tiene Suplidor Especifico,2020/07/10,1788.1356,
MA-HN-SCH40-TUB-1½,No Tiene Suplidor Especifico,2021/10/04,3235,
MA-HN-SCH40-TUB-2,JG Acueductos Y Partes S.R.L.,2021/10/04,4197,
MA-HN-SCH40-TUB-2½,No Tiene Suplidor Especifico,2020/07/10,5292.3729,
MA-HN-SCH40-TUB-3,No Tiene Suplidor Especifico,2021/10/04,9717,
MA-HN-SCH40-TUB-4,No Tiene Suplidor Especifico,2021/10/04,12636,
MA-HN-SCH40-TUB-6,No Tiene Suplidor Especifico,2020/07/10,14550,
MA-HN-TAP-RAN-2,No Tiene Suplidor Especifico,2023/02/15,88,
MA-HN-TAP-RAN-3,JG Acueductos Y Partes S.R.L.,2023/02/03,432,
MA-HN-TEE-MEC-RAN-3x1½,"Garcia and Llerandi, S.A.S.",2023/01/19,497.1,
MA-HN-TEE-MEC-RAN-3x1½,JG Acueductos Y Partes S.R.L.,2023/02/03,2369,
MA-HN-TEE-MEC-RAN-3x2,JG Acueductos Y Partes S.R.L.,2022/07/04,1156,
MA-HN-TEE-MEC-RAN-4x1,JG Acueductos Y Partes S.R.L.,2022/07/04,1450,
MA-HN-TEE-MEC-RAN-4x1½,"Garcia and Llerandi, S.A.S.",2023/01/19,588,
MA-HN-TEE-MEC-RAN-4x1½,JG Acueductos Y Partes S.R.L.,2023/02/03,3079.7,
MA-HN-TEE-MEC-RAN-4x1½,JG Acueductos Y Partes S.R.L.,2022/07/04,1450,
MA-HN-TEE-MEC-RAN-4x2,JG Acueductos Y Partes S.R.L.,2022/07/04,1450,
MA-HN-TEE-MEC-RAN-6x4,JG Acueductos Y Partes S.R.L.,2022/07/04,2950,
MA-HN-VAL-MAR-2,No Tiene Suplidor Especifico,2023/02/15,2900,
MA-HN-VAL-MAR-3,JG Acueductos Y Partes S.R.L.,2023/02/03,21908,
MA-HN-VALS-3,No Tiene Suplidor Especifico,2023/02/03,14800,
MA-HN-VALS-4,No Tiene Suplidor Especifico,2023/02/03,18800,
MA-INOX-COD-RO-½x90,Joval Comercial,2023/02/15,91,
MA-INOX-COD-RO-¾x90,Joval Comercial,2023/02/15,110,
MA-INOX-COD-RO-1¼x90,Joval Comercial,2023/02/15,357,
MA-INOX-COD-RO-1½x90,Joval Comercial,2023/02/15,476,
MA-INOX-COD-RO-1x90,Joval Comercial,2023/02/15,259,
MA-INOX-COD-RO-2½x90,Joval Comercial,2023/02/15,1426,
MA-INOX-COD-RO-2x90,Joval Comercial,2023/02/15,697,
MA-INOX-COD-RO-3x90,Joval Comercial,2023/02/15,2143,
MA-INOX-COD-RO-4x90,Joval Comercial,2023/02/15,3333,
MA-INOX-COUP-RO-½,Joval Comercial,2023/02/15,81,
MA-INOX-COUP-RO-¾,Joval Comercial,2023/02/15,101,
MA-INOX-COUP-RO-1,Joval Comercial,2023/02/15,125,
MA-INOX-COUP-RO-1¼,Joval Comercial,2023/02/15,230,
MA-INOX-COUP-RO-1½,Joval Comercial,2023/02/15,205,
MA-INOX-COUP-RO-2,Joval Comercial,2023/02/15,338,
MA-INOX-COUP-RO-3,Joval Comercial,2023/02/15,799,
MA-INOX-COUP-RO-4,Joval Comercial,2023/02/15,1080,
MA-INOX-RED-RO-¾x½,Joval Comercial,2023/02/15,59,
MA-INOX-RED-RO-1½x1,Joval Comercial,2023/02/15,210,
MA-INOX-RED-RO-1½x1¼,Joval Comercial,2023/02/15,245,
MA-INOX-RED-RO-1x½,Joval Comercial,2023/02/15,119,
MA-INOX-RED-RO-1x¾,Joval Comercial,2023/02/15,95,
MA-INOX-RED-RO-2½x2,Joval Comercial,2023/02/15,677,
MA-INOX-RED-RO-2x1½,Joval Comercial,2023/02/15,301,
MA-INOX-RED-RO-3x2,Joval Comercial,2023/02/15,1168,
MA-INOX-RED-RO-3x2½,Joval Comercial,2023/02/15,1360,
MA-INOX-RED-RO-4x3,Joval Comercial,2023/02/15,1959,
MA-INOX-SCH40-TUB-?,Joval Comercial,2023/02/15,2333,
MA-INOX-SCH40-TUB-½,Joval Comercial,2023/02/15,2707,
MA-INOX-SCH40-TUB-¾,Joval Comercial,2023/02/15,3606,
MA-INOX-SCH40-TUB-1,Joval Comercial,2023/02/15,5060,
MA-INOX-SCH40-TUB-1¼,Joval Comercial,2023/02/15,6859,
MA-INOX-SCH40-TUB-1½,Joval Comercial,2023/02/15,8820,
MA-INOX-SCH40-TUB-2,Joval Comercial,2023/02/15,10750,
MA-INOX-SCH40-TUB-2½,Joval Comercial,2023/02/15,13000,
MA-INOX-SCH40-TUB-3,Joval Comercial,2023/02/15,22327,
MA-INOX-SCH40-TUB-4,Joval Comercial,2023/02/15,31782,
MA-INOX-SCH40-TUB-6,Joval Comercial,2023/02/15,59900,
MA-INOX-TEE-RO-½x90,Joval Comercial,2023/02/15,160,
MA-INOX-TEE-RO-¾x90,Joval Comercial,2023/02/15,187,
MA-INOX-TEE-RO-1½x90,Joval Comercial,2023/02/15,507,
MA-INOX-TEE-RO-1x90,Joval Comercial,2023/02/15,311,
MA-INOX-TEE-RO-2½x90,Joval Comercial,2023/02/15,1810,
MA-INOX-TEE-RO-2x90,Joval Comercial,2023/02/15,933,
MA-INOX-TEE-RO-3x90,Joval Comercial,2023/02/15,2106,
MA-INOX-TEE-RO-4x90,Joval Comercial,2023/02/15,3810,
MA-INOX-VAL-¾,Joval Comercial,2023/02/15,486,
MA-INOX-VAL-1,Joval Comercial,2023/02/15,874,
MA-INOX-VAL-1¼,Joval Comercial,2023/02/15,923,
MA-INOX-VAL-1½,Joval Comercial,2023/02/15,1396,
MA-INOX-VAL-2,Joval Comercial,2023/02/15,1861,
MA-INOX-VAL-3,Joval Comercial,2023/02/15,9900,
MA-INOX-VAL-4,Joval Comercial,2023/02/15,14745,
MA-MISC-ABR-PERA-½,Ferretería Ochoa,2022/12/07,19.69,
MA-MISC-ABR-PERA-½,No Tiene Suplidor Especifico,2021/01/14,30,
MA-MISC-ABR-PERA-¾,Ferretería Ochoa,2022/12/07,21.72,
MA-MISC-ABR-PERA-¾,No Tiene Suplidor Especifico,2021/01/14,35,
MA-MISC-ABR-PERA-1,Ferretería Ochoa,2022/12/07,28.09,
MA-MISC-ABR-PERA-1,"Rodfor Team, SRL",2020/06/16,46,
MA-MISC-ABR-PERA-1½,"Rodfor Team, SRL",2022/12/07,37.15,
MA-MISC-ABR-PERA-1½,"Rodfor Team, SRL",2020/06/16,46,
MA-MISC-ABR-PERA-2,"Rodfor Team, SRL",2021/07/19,56.05,
MA-MISC-ABR-PERA-2,"Rodfor Team, SRL",2020/06/16,54.7,
MA-MISC-ABR-PERA-3,"Rodfor Team, SRL",2022/11/18,80.65,
MA-MISC-ABR-PERA-3,"Rodfor Team, SRL",2020/06/16,81.05,
MA-MISC-ABR-PERA-4,"Rodfor Team, SRL",2022/11/18,118.5,
MA-MISC-ABR-PERA-4,"Rodfor Team, SRL",2020/06/16,97.2,
MA-MISC-ABR-PERA-6,"Rodfor Team, SRL",2021/07/19,250,
MA-MISC-ABR-PERA-6,No Tiene Suplidor Especifico,2021/01/14,245,
MA-MISC-ABR-PERA-8,No Tiene Suplidor Especifico,2023/01/03,350,
MA-MISC-ABR-UNT-½,"Rodfor Team, SRL",2020/09/29,16.52,
MA-MISC-ABR-UNT-¾,"Rodfor Team, SRL",2022/03/03,20.58,
MA-MISC-ABR-UNT-¾,No Tiene Suplidor Especifico,2021/01/14,22,
MA-MISC-ABR-UNT-1,"Rodfor Team, SRL",2022/03/03,21.7,
MA-MISC-ABR-UNT-1,"Rodfor Team, SRL",2020/09/29,26.55,
MA-MISC-ABR-UNT-1½,"Rodfor Team, SRL",2022/03/03,27.5,
MA-MISC-ABR-UNT-1½,No Tiene Suplidor Especifico,2021/01/14,50,
MA-MISC-ABR-UNT-2,"Rodfor Team, SRL",2020/09/29,53,
MA-MISC-ABR-UNT-2,"Rodfor Team, SRL",2022/03/03,29.65,
MA-MISC-ABR-UNT-3,No Tiene Suplidor Especifico,2021/01/14,98,
MA-MISC-ABR-UNT-3,"Rodfor Team, SRL",2022/03/03,50,
MA-MISC-ABR-UNT-4,"Rodfor Team, SRL",2022/03/03,74.43,
MA-MISC-ABR-UNT-4,Materiales Industriales,2022/12/18,88.98,
MA-MISC-ABR-UNT-4,No Tiene Suplidor Especifico,2021/01/14,145,
MA-MISC-ABR-UNT-6,No Tiene Suplidor Especifico,2022/12/21,245,
MA-MISC-ABR-UNT-6,No Tiene Suplidor Especifico,2021/01/14,245,
MA-MISC-ACE-RO,Materiales Industriales,2023/01/09,1555.08,
MA-MISC-ADA-LLA-?x½,Almacenes Unidos,2020/10/15,113.4,
MA-MISC-ADA-LLA-?x½,Almacenes Unidos,2021/01/14,113.4,
MA-MISC-ADA-UNI-GOM,No Tiene Suplidor Especifico,2022/12/15,100,
MA-MISC-ADA-UNI-GOM,No Tiene Suplidor Especifico,2021/01/14,100,
MA-MISC-ALAM,No Tiene Suplidor Especifico,2022/12/15,35.21,
MA-MISC-ALAM,No Tiene Suplidor Especifico,2021/01/14,35.21,
MA-MISC-ARESIL-20-30,"JDL Electro Plomer Pool, S.R.L.",2023/01/05,684.42,
MA-MISC-BQA-FRE,Antonio P. Haché y Ferreteria Haché S. A.,2020/12/07,75,
MA-MISC-BQA-FRE,Antonio P. Haché y Ferreteria Haché S. A.,2020/12/07,75,
MA-MISC-BQA-LD,Antonio P. Haché y Ferreteria Haché S. A.,2020/12/07,76,
MA-MISC-BQA-LD,Antonio P. Haché y Ferreteria Haché S. A.,2020/12/07,76,
MA-MISC-BQA-LM,Antonio P. Haché y Ferreteria Haché S. A.,2020/12/07,640.68,
MA-MISC-BQA-LM,Antonio P. Haché y Ferreteria Haché S. A.,2020/12/07,640.68,
MA-MISC-CAJC-GLP-32x20x8,"Rodfor Team, SRL",2022/11/18,769.5,
MA-MISC-CAJ-LAV,Materiales Industriales,2022/12/18,1343.22,
MA-MISC-CAJ-LAV,"Rodfor Team, SRL",2022/11/18,1011.11,
MA-MISC-CAJM-10x8x4,No Tiene Suplidor Especifico,2023/02/03,283.2,
MA-MISC-CBD-1½x8,Ferre Universo,2020/11/27,50,
MA-MISC-CBD-1½x8,Ferre Universo,2020/11/27,50,
MA-MISC-CEM-PVC,Ferretería Detallista,2022/12/15,1346.34,
MA-MISC-CEM-PVC,Antonio P. Haché y Ferreteria Haché S. A.,2021/04/05,1864.4,
MA-MISC-CEM-PVC-REF,Ferre Universo,2020/11/27,699.15,
MA-MISC-CEM-PVC-REF,Antonio P. Haché y Ferreteria Haché S. A.,2021/04/05,1864.4,
MA-MISC-CFNIQ-½,"The Plumber Shop by JRV, S.R.L.",2022/08/31,15.25,
MA-MISC-CFNIQ-½,Antonio P. Haché y Ferreteria Haché S. A.,2020/12/07,8.91,
MA-MISC-CFNIQ-1,Ferremix,2022/12/20,55.0847,
MA-MISC-CFNIQ-1,Antonio P. Haché y Ferreteria Haché S. A.,2020/12/07,8.91,
MA-MISC-CHA-UNT-1?x¾x10,"Rodfor Team, SRL",2020/09/29,489.7,
MA-MISC-CHA-UNT-1?x¾x10,"Rodfor Team, SRL",2020/12/01,604,
MA-MISC-CINC,Antonio P. Haché y Ferreteria Haché S. A.,2021/03/23,310,
MA-MISC-CINC,Antonio P. Haché y Ferreteria Haché S. A.,2021/03/23,310,
MA-MISC-CLV-2,No Tiene Suplidor Especifico,2022/12/15,54.52,
MA-MISC-CLV-2,No Tiene Suplidor Especifico,2021/01/14,54.52,
MA-MISC-COL-GAS-3SAL-¾x15,"Rodfor Team, SRL",2022/09/22,1384.09,
MA-MISC-COL-GAS-3SAL-¾x15,Garda Import And Export. S.R.L.,2020/08/26,1454.83,
MA-MISC-DAMP,No Tiene Suplidor Especifico,2022/12/21,450,
MA-MISC-DAMP,No Tiene Suplidor Especifico,2021/01/14,230,
MA-MISC-DUCT-AL,Refripartes SA,2022/12/26,1300,
MA-MISC-DUCTN,No Tiene Suplidor Especifico,2023/02/03,254.23,
MA-MISC-ESPA,Ferre Universo,2020/12/04,95,
MA-MISC-EXPH-?-HEM,"Rodfor Team, SRL",2020/06/16,21,
MA-MISC-GENE,"The Plumber Shop by JRV, S.R.L.",2022/08/31,324.48,
MA-MIS-CHQH-1,Ferretería Ochoa,2023/02/22,703.98,
MA-MISC-JTCERA-INO,Ferremix,2022/12/19,123.7288,
MA-MISC-JTCERA-INO,Torpinsa,2021/02/03,79.33,
MA-MISC-LLA-?x?x¼,"The Plumber Shop by JRV, S.R.L.",2022/08/31,15.25,
MA-MISC-LLA-?x?x¼,Torpinsa,2020/11/05,238.5,
MA-MISC-LLCH-½,No Tiene Suplidor Especifico,2022/12/15,450,
MA-MISC-LLCH-½,No Tiene Suplidor Especifico,2021/01/14,450,
MA-MISC-LLCH-¾,No Tiene Suplidor Especifico,2022/12/15,525,
MA-MISC-LLP-MAR-½,Garda Import And Export. S.R.L.,2021/01/14,300,
MA-MISC-LLP-MAR-¾,Garda Import And Export. S.R.L.,2022/10/13,452.3,
MA-MISC-LLP-MAR-¾,Garda Import And Export. S.R.L.,2021/01/14,452.3,
MA-MISC-LLP-MAR-GLP-½,Garda Import And Export. S.R.L.,2021/01/14,300,
MA-MISC-LLP-MAR-GLP-¾,Garda Import And Export. S.R.L.,2021/01/14,452.3,
MA-MISC-LLP-MAR-GLP-1½,Garda Import And Export. S.R.L.,2021/01/14,1360,
MA-MISC-MANG-CAL,No Tiene Suplidor Especifico,2022/08/31,355,
MA-MISC-MANG-CAL,No Tiene Suplidor Especifico,2021/01/14,355,
MA-MISC-MANG-FLX-INO,Caribe Group,2020/10/15,176,
MA-MISC-MANG-FLX-INO,Caribe Group,2020/10/15,176,
MA-MISC-MANG-FLX-LM,Caribe Group,2020/10/15,145,
MA-MISC-MAPP-SOLD,No Tiene Suplidor Especifico,2023/02/03,444.91,
MA-MISC-MGFLX-4,No Tiene Suplidor Especifico,2023/01/03,262.4672,
MA-MISC-MGFLX-4,No Tiene Suplidor Especifico,2021/01/14,1600,
MA-MISC-MTA-3LB,Ferre Universo,2020/11/27,398,
MA-MISC-MTA-3LB,Ferre Universo,2020/11/27,398,
MA-MISC-NIP-CRO-½x2½,Antonio P. Haché y Ferreteria Haché S. A.,2020/12/07,23.39,
MA-MISC-NIP-CRO-½x2½,Antonio P. Haché y Ferreteria Haché S. A.,2020/12/07,23.39,
MA-MISC-NIP-INOX-¾x3,No Tiene Suplidor Especifico,2021/01/14,135.5,
MA-MISC-PIN-SPR,No Tiene Suplidor Especifico,2022/12/15,150,
MA-MISC-PIN-SPR,No Tiene Suplidor Especifico,2021/01/14,150,
MA-MISC-PINT-ANTI,JG Acueductos Y Partes S.R.L.,2023/02/03,985,
MA-MISC-PLA-FIB-P3-4x13,No Tiene Suplidor Especifico,2021/01/14,1200,
MA-MISC-PLA-FIB-P8-4x14,No Tiene Suplidor Especifico,2021/01/14,1200,
MA-MISC-PLAT-RO-2,"Garcia and Llerandi, S.A.S.",2022/10/12,505,
MA-MISC-PLAT-RO-3,"Garcia and Llerandi, S.A.S.",2022/10/12,1170,
MA-MISC-PLAT-SOL-3,"Garcia and Llerandi, S.A.S.",2022/10/12,875,
MA-MISC-PLAT-SOL-4,"Garcia and Llerandi, S.A.S.",2022/10/12,1220,
MA-MISC-RACOR-½x1,Almacenes Unidos,2022/10/13,117.7966,
MA-MISC-RACOR-½x1.5,Almacenes Unidos,2022/10/13,139.8305,
MA-MISC-RACOR-½x2,Almacenes Unidos,2022/10/13,165.2542,
MA-MISC-RACOR-½x2.5,Almacenes Unidos,2022/10/13,182.2034,
MA-MISC-RACOR-½x3,Almacenes Unidos,2022/10/13,194.0678,
MA-MISC-RED-COP-SOL-3x2½,"Garcia and Llerandi, S.A.S.",2022/10/12,220,
MA-MISC-RESB-INO,Materiales Industriales,2020/09/28,413.56,
MA-MISC-SEG,Antonio P. Haché y Ferreteria Haché S. A.,2021/05/04,43.37,
MA-MISC-SIL-ANTI,"The Plumber Shop by JRV, S.R.L.",2022/08/31,427.68,
MA-MISC-SIL-ANTI,Ferre Universo,2020/11/27,258.12,
MA-MISC-TAR-PLAST-9/32x1½,Materiales Industriales,2020/09/28,0.59,
MA-MISC-TBAS,No Tiene Suplidor Especifico,2022/12/15,25.71,
MA-MISC-TBAS,No Tiene Suplidor Especifico,2021/01/14,25.71,
MA-MISC-TEF-LIQ-16,JG Acueductos Y Partes S.R.L.,2023/02/03,1250,
MA-MISC-THIN,Materiales Industriales,2022/12/18,520,
MA-MISC-THIN,Ferretería Detallista,2022/12/15,500,
MA-MISC-THIN,JG Acueductos Y Partes S.R.L.,2020/06/03,350,
MA-MISC-TISA,No Tiene Suplidor Especifico,2022/12/15,32.67,
MA-MISC-TISA,No Tiene Suplidor Especifico,2021/01/14,32.67,
MA-MISC-TOR-TAR-¼x2,No Tiene Suplidor Especifico,2020/09/28,2,
MA-MISC-TUB-LIT-½,No Tiene Suplidor Especifico,2023/01/12,30,
MA-MISC-URE-SPR,No Tiene Suplidor Especifico,2023/02/03,383.5,
MA-MISC-VARP-SOLD,No Tiene Suplidor Especifico,2023/02/03,30,
MA-PE-MANG-GLP-12,Garda Import And Export. S.R.L.,2021/01/14,38.94,
MA-PE-MANG-GLP-15,"Rodfor Team, SRL",2022/09/22,61.3317,
MA-PE-MANG-GLP-15,Garda Import And Export. S.R.L.,2021/01/14,61.57,
MA-PE-MANG-GLP-16,Garda Import And Export. S.R.L.,2021/01/14,76.42,
MA-PE-MANG-GLP-18,Garda Import And Export. S.R.L.,2021/01/14,145,
MA-PE-MANG-GLP-32,Garda Import And Export. S.R.L.,2021/03/29,160,
MA-PE-MANG-GLP-40,Garda Import And Export. S.R.L.,2021/03/29,221,
MA-PE-MANG-GLP-50,Garda Import And Export. S.R.L.,2021/03/29,243.2,
MA-PE-MANG-GLP-63,Garda Import And Export. S.R.L.,2023/02/22,530.92,
MA-PE-MANG-GLP-63,Garda Import And Export. S.R.L.,2021/03/29,390.5,
MA-PPR-ADA-HEM-20x½,"Rodfor Team, SRL",2022/07/22,62.2881,
MA-PPR-ADA-HEM-20x½,"Eurotubos Industrial, S.R.L.",2022/08/30,60.18,
MA-PPR-ADA-HEM-20x½,"Rodfor Team, SRL",2021/04/05,49.9746,
MA-PPR-ADA-HEM-25x¾,"Rodfor Team, SRL",2022/07/22,85.2966,
MA-PPR-ADA-HEM-25x¾,"Eurotubos Industrial, S.R.L.",2022/08/30,85.63,
MA-PPR-ADA-HEM-25x¾,"Rodfor Team, SRL",2021/04/05,66.5508,
MA-PPR-ADA-HEM-32x1,"Rodfor Team, SRL",2022/07/22,122.161,
MA-PPR-ADA-HEM-32x1,"Eurotubos Industrial, S.R.L.",2022/08/30,151.45,
MA-PPR-ADA-HEM-32x1,"Rodfor Team, SRL",2020/09/29,141.4153,
MA-PPR-ADA-HEM-50x1½,"Rodfor Team, SRL",2022/07/22,498.7119,
MA-PPR-ADA-HEM-50x1½,"Eurotubos Industrial, S.R.L.",2022/08/30,347.45,
MA-PPR-ADA-HEM-63x2,"Rodfor Team, SRL",2022/07/22,638.5593,
MA-PPR-ADA-HEM-63x2,"Eurotubos Industrial, S.R.L.",2022/08/30,548.3,
MA-PPR-ADA-HEM-63x2,"Rodfor Team, SRL",2021/04/05,775,
MA-PPR-ADA-HEM-90x3,"Rodfor Team, SRL",2022/07/22,2182.6271,
MA-PPR-ADA-HEM-90x3,"Rodfor Team, SRL",2021/04/05,1821.1864,
MA-PPR-ADA-MAC-110x4,"Rodfor Team, SRL",2021/04/05,3517.7966,
MA-PPR-ADA-MAC-20x½,"Eurotubos Industrial, S.R.L.",2022/08/30,70.82,
MA-PPR-ADA-MAC-20x½,"Rodfor Team, SRL",2022/07/22,81.4407,
MA-PPR-ADA-MAC-20x½,"Rodfor Team, SRL",2021/04/05,65.5932,
MA-PPR-ADA-MAC-25x¾,"Eurotubos Industrial, S.R.L.",2022/08/30,96.38,
MA-PPR-ADA-MAC-25x¾,"Rodfor Team, SRL",2022/07/22,101.822,
MA-PPR-ADA-MAC-25x¾,"Rodfor Team, SRL",2021/04/05,98.9831,
MA-PPR-ADA-MAC-32x1,"Eurotubos Industrial, S.R.L.",2022/08/30,199.78,
MA-PPR-ADA-MAC-32x1,"Rodfor Team, SRL",2022/07/22,262.7119,
MA-PPR-ADA-MAC-32x1,"Rodfor Team, SRL",2021/04/05,235.4492,
MA-PPR-ADA-MAC-50x1½,"Eurotubos Industrial, S.R.L.",2022/08/30,377.92,
MA-PPR-ADA-MAC-50x1½,"Rodfor Team, SRL",2022/07/22,568.2203,
MA-PPR-ADA-MAC-50x1½,"Rodfor Team, SRL",2021/04/05,581.4153,
MA-PPR-ADA-MAC-63x2,"Eurotubos Industrial, S.R.L.",2022/08/30,598.67,
MA-PPR-ADA-MAC-63x2,"Rodfor Team, SRL",2022/07/22,793.2203,
MA-PPR-ADA-MAC-63x2,"Rodfor Team, SRL",2021/04/05,1005.0847,
MA-PPR-ADA-MAC-90x3,"Rodfor Team, SRL",2022/07/22,2786.1864,
MA-PPR-ADA-MAC-90x3,"Rodfor Team, SRL",2021/04/05,2186.4407,
MA-PPR-COD-110x45º,"Rodfor Team, SRL",2022/07/22,827.7712,
MA-PPR-COD-110x45º,"Eurotubos Industrial, S.R.L.",2022/08/30,475.77,
MA-PPR-COD-110x90º,"Rodfor Team, SRL",2022/07/22,704.9068,
MA-PPR-COD-110x90º,"Eurotubos Industrial, S.R.L.",2022/08/30,696.58,
MA-PPR-COD-20x45º,"Rodfor Team, SRL",2022/07/22,8.2627,
MA-PPR-COD-20x45º,"Eurotubos Industrial, S.R.L.",2022/08/30,8.65,
MA-PPR-COD-20x90º,"Rodfor Team, SRL",2022/07/22,13.6864,
MA-PPR-COD-20x90º,"Eurotubos Industrial, S.R.L.",2022/08/30,8.3,
MA-PPR-COD-20x90º,"Rodfor Team, SRL",2021/04/05,14.8,
MA-PPR-COD-25x45º,"Rodfor Team, SRL",2022/07/22,19.2203,
MA-PPR-COD-25x45º,"Eurotubos Industrial, S.R.L.",2022/08/30,12.74,
MA-PPR-COD-25x90º,"Rodfor Team, SRL",2022/07/22,18.2627,
MA-PPR-COD-25x90º,"Eurotubos Industrial, S.R.L.",2022/08/30,12.73,
MA-PPR-COD-25x90º,"Rodfor Team, SRL",2021/04/05,21.5,
MA-PPR-COD-32x45º,"Rodfor Team, SRL",2022/07/22,21.5763,
MA-PPR-COD-32x45º,"Eurotubos Industrial, S.R.L.",2022/08/30,18.99,
MA-PPR-COD-32x45º,"Rodfor Team, SRL",2021/04/05,25.46,
MA-PPR-COD-32x90º,"Rodfor Team, SRL",2022/07/22,30.2034,
MA-PPR-COD-32x90º,"Eurotubos Industrial, S.R.L.",2022/08/30,21.49,
MA-PPR-COD-32x90º,"Rodfor Team, SRL",2021/04/05,29.7,
MA-PPR-COD-50x45º,"Rodfor Team, SRL",2022/07/22,77.339,
MA-PPR-COD-50x45º,"Eurotubos Industrial, S.R.L.",2022/08/30,59.55,
MA-PPR-COD-50x90º,"Rodfor Team, SRL",2022/07/22,92.0339,
MA-PPR-COD-50x90º,"Eurotubos Industrial, S.R.L.",2022/08/30,64.47,
MA-PPR-COD-63x45º,"Rodfor Team, SRL",2022/07/22,166.5881,
MA-PPR-COD-63x45º,"Eurotubos Industrial, S.R.L.",2022/08/30,104.57,
MA-PPR-COD-63x90º,"Rodfor Team, SRL",2022/07/22,123.0508,
MA-PPR-COD-63x90º,"Eurotubos Industrial, S.R.L.",2022/08/30,119.94,
MA-PPR-COD-63x90º,"Rodfor Team, SRL",2021/04/05,160.5,
MA-PPR-COD-90x45º,"Rodfor Team, SRL",2022/07/22,556.3136,
MA-PPR-COD-90x45º,"Eurotubos Industrial, S.R.L.",2022/08/30,282.14,
MA-PPR-COD-90x45º,"Rodfor Team, SRL",2021/04/05,495.7627,
MA-PPR-COD-90x90º,"Rodfor Team, SRL",2022/07/22,513.5593,
MA-PPR-COD-90x90º,"Eurotubos Industrial, S.R.L.",2022/08/30,405.85,
MA-PPR-COD-DBL-ROS-20x½,"Rodfor Team, SRL",2022/07/22,153.6864,
MA-PPR-COD-DBL-ROS-20x½,"Rodfor Team, SRL",2021/04/05,205,
MA-PPR-COD-ROS-20x½x90º,"Rodfor Team, SRL",2022/07/22,72.0339,
MA-PPR-COD-ROS-20x½x90º,"Eurotubos Industrial, S.R.L.",2022/08/30,63.42,
MA-PPR-COD-ROS-20x½x90º,"Rodfor Team, SRL",2021/04/05,80.3,
MA-PPR-COD-ROS-25x½x90º,"Rodfor Team, SRL",2022/07/22,90.2542,
MA-PPR-COD-ROS-25x½x90º,"Eurotubos Industrial, S.R.L.",2022/08/30,66.95,
MA-PPR-COD-ROS-25x½x90º,"Rodfor Team, SRL",2021/04/05,60.1695,
MA-PPR-COD-ROS-25x¾x90º,"Rodfor Team, SRL",2022/07/22,122.6271,
MA-PPR-COD-ROS-25x¾x90º,"Eurotubos Industrial, S.R.L.",2022/08/30,89.26,
MA-PPR-COD-ROS-25x¾x90º,"Rodfor Team, SRL",2021/04/05,73.5169,
MA-PPR-COD-ROS-32x¾x90º,"Rodfor Team, SRL",2021/04/05,91.5254,
MA-PPR-COD-ROS-32x1x90º,"Rodfor Team, SRL",2022/07/22,155.0593,
MA-PPR-COD-ROS-32x1x90º,"Eurotubos Industrial, S.R.L.",2022/08/30,163.77,
MA-PPR-COD-ROS-32x1x90º,"Rodfor Team, SRL",2021/04/05,144.9153,
MA-PPR-COUP-110,"Rodfor Team, SRL",2022/07/22,485.8983,
MA-PPR-COUP-110,"Eurotubos Industrial, S.R.L.",2022/08/30,333.57,
MA-PPR-COUP-20,"Rodfor Team, SRL",2022/07/22,10.1695,
MA-PPR-COUP-20,"Eurotubos Industrial, S.R.L.",2022/08/30,5.69,
MA-PPR-COUP-20,"Rodfor Team, SRL",2021/04/05,10.25,
MA-PPR-COUP-25,"Rodfor Team, SRL",2022/07/22,11.0169,
MA-PPR-COUP-25,"Eurotubos Industrial, S.R.L.",2022/08/30,8.32,
MA-PPR-COUP-25,"Rodfor Team, SRL",2021/04/05,11.4,
MA-PPR-COUP-32,"Rodfor Team, SRL",2022/07/22,14.8305,
MA-PPR-COUP-32,"Eurotubos Industrial, S.R.L.",2022/08/30,13.51,
MA-PPR-COUP-32,"Rodfor Team, SRL",2021/04/05,19.5,
MA-PPR-COUP-50,"Rodfor Team, SRL",2022/07/22,57.3729,
MA-PPR-COUP-50,"Eurotubos Industrial, S.R.L.",2022/08/30,36.44,
MA-PPR-COUP-50,"Rodfor Team, SRL",2021/04/05,55,
MA-PPR-COUP-63,"Rodfor Team, SRL",2022/07/22,92.5424,
MA-PPR-COUP-63,"Eurotubos Industrial, S.R.L.",2022/08/30,64.2,
MA-PPR-COUP-90,"Rodfor Team, SRL",2022/07/22,233.2203,
MA-PPR-COUP-90,"Eurotubos Industrial, S.R.L.",2022/08/30,177.75,
MA-PPR-MTRZ-110,"Rodfor Team, SRL",2022/07/22,3363.5593,
MA-PPR-MTRZ-110,"Rodfor Team, SRL",2021/04/05,3363.5593,
MA-PPR-MTRZ-20,"Rodfor Team, SRL",2022/07/22,368.1271,
MA-PPR-MTRZ-25,"Rodfor Team, SRL",2022/07/22,411.0678,
MA-PPR-MTRZ-32,"Rodfor Team, SRL",2022/07/22,441.4407,
MA-PPR-MTRZ-50,"Rodfor Team, SRL",2022/07/22,954.8729,
MA-PPR-MTRZ-50,"Rodfor Team, SRL",2021/04/05,893.2203,
MA-PPR-MTRZ-63,"Rodfor Team, SRL",2022/07/22,1289.1525,
MA-PPR-MTRZ-63,"Rodfor Team, SRL",2021/04/05,1289.8305,
MA-PPR-MTRZ-90,"Rodfor Team, SRL",2022/07/22,3298.1966,
MA-PPR-MTRZ-90,No Tiene Suplidor Especifico,2021/01/14,2061.8644,
MA-PPR-PLAT-50,No Tiene Suplidor Especifico,2023/01/31,360.1695,
MA-PPR-PLAT-90,No Tiene Suplidor Especifico,2023/01/31,1037.2881,
MA-PPR-PN16-TUB-110,"Rodfor Team, SRL",2022/07/22,6803.3898,
MA-PPR-PN16-TUB-110,"Eurotubos Industrial, S.R.L.",2022/08/30,5213.23,
MA-PPR-PN16-TUB-50,"Rodfor Team, SRL",2022/07/22,1398.3051,
MA-PPR-PN16-TUB-50,"Eurotubos Industrial, S.R.L.",2022/08/30,1037.51,
MA-PPR-PN16-TUB-50,"Rodfor Team, SRL",2021/10/28,1610,
MA-PPR-PN16-TUB-63,"Rodfor Team, SRL",2022/07/22,1906.7797,
MA-PPR-PN16-TUB-63,"Eurotubos Industrial, S.R.L.",2022/08/30,1630.38,
MA-PPR-PN16-TUB-63,"Rodfor Team, SRL",2021/10/30,2621,
MA-PPR-PN16-TUB-90,"Rodfor Team, SRL",2022/07/22,3618.6441,
MA-PPR-PN16-TUB-90,"Eurotubos Industrial, S.R.L.",2022/08/30,3332.07,
MA-PPR-PN16-TUB-90,"Rodfor Team, SRL",2021/11/01,5414,
MA-PPR-PN20-TUB-110,"Rodfor Team, SRL",2022/07/22,8183.3898,
MA-PPR-PN20-TUB-110,"Eurotubos Industrial, S.R.L.",2022/08/30,6104.71,
MA-PPR-PN20-TUB-110,"Rodfor Team, SRL",2021/01/14,7105,
MA-PPR-PN20-TUB-20,"Rodfor Team, SRL",2022/07/22,279.661,
MA-PPR-PN20-TUB-20,No Tiene Suplidor Especifico,2021/04/05,280,
MA-PPR-PN20-TUB-20,"Eurotubos Industrial, S.R.L.",2022/08/30,197.16,
MA-PPR-PN20-TUB-20,"Rodfor Team, SRL",2021/10/25,280,
MA-PPR-PN20-TUB-25,"Rodfor Team, SRL",2022/07/22,355.9322,
MA-PPR-PN20-TUB-25,No Tiene Suplidor Especifico,2021/04/05,420,
MA-PPR-PN20-TUB-25,"Eurotubos Industrial, S.R.L.",2022/08/30,304.82,
MA-PPR-PN20-TUB-25,"Rodfor Team, SRL",2021/10/26,420,
MA-PPR-PN20-TUB-32,"Rodfor Team, SRL",2022/07/22,584.7458,
MA-PPR-PN20-TUB-32,No Tiene Suplidor Especifico,2021/04/05,600,
MA-PPR-PN20-TUB-32,"Eurotubos Industrial, S.R.L.",2022/08/30,500.58,
MA-PPR-PN20-TUB-32,"Rodfor Team, SRL",2021/10/27,600,
MA-PPR-PN20-TUB-50,"Rodfor Team, SRL",2022/07/22,1644.0678,
MA-PPR-PN20-TUB-50,No Tiene Suplidor Especifico,2021/04/05,1872,
MA-PPR-PN20-TUB-50,"Eurotubos Industrial, S.R.L.",2022/08/30,1206.7,
MA-PPR-PN20-TUB-50,"Rodfor Team, SRL",2021/10/29,1872,
MA-PPR-PN20-TUB-63,"Rodfor Team, SRL",2022/07/22,2133.4746,
MA-PPR-PN20-TUB-63,No Tiene Suplidor Especifico,2021/04/05,2621,
MA-PPR-PN20-TUB-63,"Eurotubos Industrial, S.R.L.",2022/08/30,1921.22,
MA-PPR-PN20-TUB-63,"Rodfor Team, SRL",2021/10/31,2621,
MA-PPR-PN20-TUB-90,"Rodfor Team, SRL",2022/07/22,5360.1695,
MA-PPR-PN20-TUB-90,"Eurotubos Industrial, S.R.L.",2022/08/30,3922.14,
MA-PPR-PN20-TUB-90,"Rodfor Team, SRL",2021/11/02,5414,
MA-PPR-RED-BUSH-110x50,"Rodfor Team, SRL",2021/01/14,225.75,
MA-PPR-RED-BUSH-110x63,"Rodfor Team, SRL",2022/07/22,237.7119,
MA-PPR-RED-BUSH-110x63,"Eurotubos Industrial, S.R.L.",2022/08/30,281.49,
MA-PPR-RED-BUSH-110x90,"Rodfor Team, SRL",2022/07/22,348.7288,
MA-PPR-RED-BUSH-110x90,"Eurotubos Industrial, S.R.L.",2022/08/30,299.21,
MA-PPR-RED-BUSH-110x90,"Rodfor Team, SRL",2021/04/05,270.5254,
MA-PPR-RED-BUSH-25x20,"Rodfor Team, SRL",2022/07/22,5.9746,
MA-PPR-RED-BUSH-25x20,"Eurotubos Industrial, S.R.L.",2022/08/30,7.8,
MA-PPR-RED-BUSH-32x20,"Rodfor Team, SRL",2022/07/22,8.2627,
MA-PPR-RED-BUSH-32x20,"Eurotubos Industrial, S.R.L.",2022/08/30,13.63,
MA-PPR-RED-BUSH-32x25,"Rodfor Team, SRL",2022/07/22,9.9153,
MA-PPR-RED-BUSH-32x25,"Eurotubos Industrial, S.R.L.",2022/08/30,12.68,
MA-PPR-RED-BUSH-32x25,"Rodfor Team, SRL",2021/04/05,12.3729,
MA-PPR-RED-BUSH-50x25,"Rodfor Team, SRL",2022/07/22,49.1102,
MA-PPR-RED-BUSH-50x25,"Eurotubos Industrial, S.R.L.",2022/08/30,35.79,
MA-PPR-RED-BUSH-50x32,"Rodfor Team, SRL",2022/07/22,44.8898,
MA-PPR-RED-BUSH-50x32,"Eurotubos Industrial, S.R.L.",2022/08/30,37.5,
MA-PPR-RED-BUSH-63x25,"Rodfor Team, SRL",2022/07/22,65.4661,
MA-PPR-RED-BUSH-63x25,"Eurotubos Industrial, S.R.L.",2022/08/30,65.17,
MA-PPR-RED-BUSH-63x32,"Rodfor Team, SRL",2022/07/22,73.7288,
MA-PPR-RED-BUSH-63x32,"Eurotubos Industrial, S.R.L.",2022/08/30,66.42,
MA-PPR-RED-BUSH-63x32,"Rodfor Team, SRL",2021/04/05,52.8559,
MA-PPR-RED-BUSH-63x50,"Rodfor Team, SRL",2022/07/22,71.3983,
MA-PPR-RED-BUSH-63x50,"Eurotubos Industrial, S.R.L.",2022/08/30,73.11,
MA-PPR-RED-BUSH-90x50,"Rodfor Team, SRL",2022/07/22,165.1525,
MA-PPR-RED-BUSH-90x50,"Eurotubos Industrial, S.R.L.",2022/08/30,140.24,
MA-PPR-RED-BUSH-90x50,"Rodfor Team, SRL",2021/04/05,139.9746,
MA-PPR-RED-BUSH-90x63,"Rodfor Team, SRL",2022/07/22,162.8814,
MA-PPR-RED-BUSH-90x63,"Eurotubos Industrial, S.R.L.",2022/08/30,180.71,
MA-PPR-RED-BUSH-90x63,"Rodfor Team, SRL",2021/04/05,127.2373,
MA-PPR-RED-COP-50x32,No Tiene Suplidor Especifico,2023/01/31,63,
MA-PPR-RED-COP-90x32,No Tiene Suplidor Especifico,2023/01/31,252.048,
MA-PPR-TAP-HEM-110,"Rodfor Team, SRL",2022/07/22,478.6441,
MA-PPR-TAP-HEM-20,"Rodfor Team, SRL",2022/07/22,4.2797,
MA-PPR-TAP-HEM-25,"Rodfor Team, SRL",2022/07/22,5.5508,
MA-PPR-TAP-HEM-32,"Rodfor Team, SRL",2022/07/22,8.2627,
MA-PPR-TAP-HEM-50,"Rodfor Team, SRL",2022/07/22,63.4746,
MA-PPR-TAP-HEM-63,"Rodfor Team, SRL",2022/07/22,85.9322,
MA-PPR-TAP-HEM-90,"Rodfor Team, SRL",2022/07/22,247.4364,
MA-PPR-TEE-110,"Rodfor Team, SRL",2022/07/22,980.9746,
MA-PPR-TEE-110,"Eurotubos Industrial, S.R.L.",2022/08/30,792.75,
MA-PPR-TEE-110,"Rodfor Team, SRL",2021/04/05,905.3,
MA-PPR-TEE-110x63x110,"Rodfor Team, SRL",2022/07/22,1491.0169,
MA-PPR-TEE-110x63x110,"Eurotubos Industrial, S.R.L.",2022/08/30,546.1,
MA-PPR-TEE-110x63x110,"Rodfor Team, SRL",2021/04/05,1393.4746,
MA-PPR-TEE-110x90x110,"Rodfor Team, SRL",2022/07/22,1016.9492,
MA-PPR-TEE-110x90x110,"Eurotubos Industrial, S.R.L.",2022/08/30,653.57,
MA-PPR-TEE-20,"Rodfor Team, SRL",2022/07/22,16.2288,
MA-PPR-TEE-20,"Eurotubos Industrial, S.R.L.",2022/08/30,11.19,
MA-PPR-TEE-20,"Rodfor Team, SRL",2021/04/05,16.56,
MA-PPR-TEE-25,"Rodfor Team, SRL",2022/07/22,26.3983,
MA-PPR-TEE-25,"Eurotubos Industrial, S.R.L.",2022/08/30,16.68,
MA-PPR-TEE-25,"Rodfor Team, SRL",2021/04/05,25.8,
MA-PPR-TEE-25x20x25,"Rodfor Team, SRL",2022/07/22,17.8814,
MA-PPR-TEE-25x20x25,"Eurotubos Industrial, S.R.L.",2022/08/30,15.02,
MA-PPR-TEE-32,"Rodfor Team, SRL",2022/07/22,41.6441,
MA-PPR-TEE-32,"Eurotubos Industrial, S.R.L.",2022/08/30,28.02,
MA-PPR-TEE-32,"Rodfor Team, SRL",2021/04/05,40.95,
MA-PPR-TEE-32x20x32,"Rodfor Team, SRL",2022/07/22,27.2458,
MA-PPR-TEE-32x20x32,"Eurotubos Industrial, S.R.L.",2022/08/30,25.6,
MA-PPR-TEE-32x25x32,"Rodfor Team, SRL",2022/07/22,26.4407,
MA-PPR-TEE-32x25x32,"Eurotubos Industrial, S.R.L.",2022/08/30,28.44,
MA-PPR-TEE-50,"Rodfor Team, SRL",2022/07/22,98.178,
MA-PPR-TEE-50,"Eurotubos Industrial, S.R.L.",2022/08/30,78.81,
MA-PPR-TEE-50,"Rodfor Team, SRL",2021/04/05,115.85,
MA-PPR-TEE-50x20x50,"Rodfor Team, SRL",2022/07/22,86.9915,
MA-PPR-TEE-50x20x50,"Eurotubos Industrial, S.R.L.",2022/08/30,60.85,
MA-PPR-TEE-50x25x50,"Rodfor Team, SRL",2022/07/22,87.2881,
MA-PPR-TEE-50x25x50,"Eurotubos Industrial, S.R.L.",2022/08/30,65.53,
MA-PPR-TEE-50x32x50,"Rodfor Team, SRL",2022/07/22,79.661,
MA-PPR-TEE-50x32x50,"Eurotubos Industrial, S.R.L.",2022/08/30,73.3,
MA-PPR-TEE-63,"Rodfor Team, SRL",2022/07/22,169.4915,
MA-PPR-TEE-63,"Eurotubos Industrial, S.R.L.",2022/08/30,148.92,
MA-PPR-TEE-63,"Rodfor Team, SRL",2021/04/05,210,
MA-PPR-TEE-63x20x63,"Rodfor Team, SRL",2022/07/22,182.5254,
MA-PPR-TEE-63x20x63,"Eurotubos Industrial, S.R.L.",2022/08/30,101.2,
MA-PPR-TEE-63x25x63,"Rodfor Team, SRL",2022/07/22,162.8814,
MA-PPR-TEE-63x25x63,"Eurotubos Industrial, S.R.L.",2022/08/30,109.67,
MA-PPR-TEE-63x25x63,"Rodfor Team, SRL",2023/01/17,113.4,
MA-PPR-TEE-63x32x63,"Rodfor Team, SRL",2022/07/22,165.2542,
MA-PPR-TEE-63x32x63,"Eurotubos Industrial, S.R.L.",2022/08/30,119.09,
MA-PPR-TEE-63x50x63,"Rodfor Team, SRL",2022/07/22,229.2373,
MA-PPR-TEE-63x50x63,"Eurotubos Industrial, S.R.L.",2022/08/30,148.71,
MA-PPR-TEE-90,"Rodfor Team, SRL",2022/07/22,525.9746,
MA-PPR-TEE-90,"Eurotubos Industrial, S.R.L.",2022/08/30,455.76,
MA-PPR-TEE-90,"Rodfor Team, SRL",2021/04/05,620.65,
MA-PPR-TEE-90x50x90,"Rodfor Team, SRL",2022/07/22,844.322,
MA-PPR-TEE-90x50x90,"Eurotubos Industrial, S.R.L.",2022/08/30,284.16,
MA-PPR-TEE-90x63x90,"Rodfor Team, SRL",2022/07/22,869.4915,
MA-PPR-TEE-90x63x90,"Eurotubos Industrial, S.R.L.",2022/08/30,317.22,
MA-PPR-TERM110v-20-63,"Eurotubos Industrial, S.R.L.",2022/08/30,4093.07,
MA-PPR-TIJ-20-25-32,"Rodfor Team, SRL",2022/07/22,1213.6271,
MA-PPR-TIJ-20-25-32,"Eurotubos Industrial, S.R.L.",2022/08/30,516.04,
MA-PPR-VAL-BOL-20,"Rodfor Team, SRL",2022/07/22,149.661,
MA-PPR-VAL-BOL-20,"Eurotubos Industrial, S.R.L.",2022/08/30,70.26,
MA-PPR-VAL-BOL-25,"Rodfor Team, SRL",2022/07/22,213.7373,
MA-PPR-VAL-BOL-25,"Eurotubos Industrial, S.R.L.",2022/08/30,106.19,
MA-PPR-VAL-BOL-32,"Rodfor Team, SRL",2022/07/22,403.5169,
MA-PPR-VAL-BOL-32,"Eurotubos Industrial, S.R.L.",2022/08/30,180.63,
MA-PPR-VAL-BOL-50,"Rodfor Team, SRL",2022/07/22,885.5932,
MA-PPR-VAL-BOL-50,"Eurotubos Industrial, S.R.L.",2022/08/30,429.77,
MA-PPR-VAL-BOL-63,"Rodfor Team, SRL",2022/07/22,1541.5254,
MA-PPR-VAL-BOL-63,"Eurotubos Industrial, S.R.L.",2022/08/30,783.13,
MA-PPR-VAL-BOL-UM-110,No Tiene Suplidor Especifico,2022/12/21,7000,
MA-PPR-VAL-BOL-UM-20,"Eurotubos Industrial, S.R.L.",2022/08/30,533.68,
MA-PPR-VAL-BOL-UM-20,"Rodfor Team, SRL",2022/07/22,406.161,
MA-PPR-VAL-BOL-UM-25,"Eurotubos Industrial, S.R.L.",2022/08/30,740.1,
MA-PPR-VAL-BOL-UM-25,"Rodfor Team, SRL",2022/07/22,601.5593,
MA-PPR-VAL-BOL-UM-32,"Eurotubos Industrial, S.R.L.",2022/08/30,1141.27,
MA-PPR-VAL-BOL-UM-32,"Rodfor Team, SRL",2022/07/22,884.322,
MA-PPR-VAL-BOL-UM-50,"Rodfor Team, SRL",2021/04/05,3825,
MA-PPR-VAL-BOL-UM-50,"Eurotubos Industrial, S.R.L.",2022/08/30,2996.42,
MA-PPR-VAL-BOL-UM-63,"Rodfor Team, SRL",2021/04/05,4988.9831,
MA-PPR-VAL-BOL-UM-63,"Eurotubos Industrial, S.R.L.",2022/08/30,4795.57,
MA-PPR-VAL-BOL-UM-90,"Rodfor Team, SRL",2021/04/05,5647,
MA-PPR-VAL-RGP-25,No Tiene Suplidor Especifico,2021/01/14,1269,
MA-PPR-VAL-RGP-32,No Tiene Suplidor Especifico,2021/01/14,2930.85,
MA-PPR-VAL-RGP-63,No Tiene Suplidor Especifico,2021/01/14,7184,
MA-PVC-ARA-4,Ferremix,2022/12/19,111.1864,
MA-PVC-ARA-4,Antonio P. Haché y Ferreteria Haché S. A.,2021/02/03,97.5,
MA-PVC-DREN-COD-1½x45º,Distribuidora 0212 S.R.L.,2022/10/22,11.2627,
MA-PVC-DREN-COD-1½x45º,Antonio P. Haché y Ferreteria Haché S. A.,2021/01/14,9.7586,
MA-PVC-DREN-COD-1½x90º,Distribuidora 0212 S.R.L.,2022/10/22,14.4237,
MA-PVC-DREN-COD-1½x90º,Antonio P. Haché y Ferreteria Haché S. A.,2021/04/05,21.79,
MA-PVC-DREN-COD-2x45º,Distribuidora 0212 S.R.L.,2022/10/22,14.5085,
MA-PVC-DREN-COD-2x45º,Antonio P. Haché y Ferreteria Haché S. A.,2020/09/29,29.5,
MA-PVC-DREN-COD-2x90º,Distribuidora 0212 S.R.L.,2022/10/22,22.4237,
MA-PVC-DREN-COD-2x90º,Antonio P. Haché y Ferreteria Haché S. A.,2021/04/05,25.39,
MA-PVC-DREN-COD-3x45º,Distribuidora 0212 S.R.L.,2022/10/22,46.4407,
MA-PVC-DREN-COD-3x45º,Materiales Industriales,2022/12/18,63.56,
MA-PVC-DREN-COD-3x45º,Antonio P. Haché y Ferreteria Haché S. A.,2021/04/05,71.12,
MA-PVC-DREN-COD-3x90º,Distribuidora 0212 S.R.L.,2022/10/22,61.5,
MA-PVC-DREN-COD-3x90º,Materiales Industriales,2022/12/18,75.42,
MA-PVC-DREN-COD-3x90º,Antonio P. Haché y Ferreteria Haché S. A.,2021/04/05,110.52,
MA-PVC-DREN-COD-4x45º,Distribuidora 0212 S.R.L.,2022/10/22,74.6864,
MA-PVC-DREN-COD-4x45º,Antonio P. Haché y Ferreteria Haché S. A.,2021/04/05,125.22,
MA-PVC-DREN-COD-4x90º,Distribuidora 0212 S.R.L.,2022/10/22,101.1864,
MA-PVC-DREN-COD-4x90º,Antonio P. Haché y Ferreteria Haché S. A.,2021/04/05,138,
MA-PVC-DREN-COD-6x45º,"Rodfor Team, SRL",2023/01/03,355.93,
MA-PVC-DREN-COD-6x45º,Antonio P. Haché y Ferreteria Haché S. A.,2021/01/14,417,
MA-PVC-DREN-COD-6x90º,Ferremix,2023/01/03,485.822,
MA-PVC-DREN-COD-6x90º,Antonio P. Haché y Ferreteria Haché S. A.,2021/01/14,218.123,
MA-PVC-DREN-COD-8x45º,"Rodfor Team, SRL",2023/01/03,2694.92,
MA-PVC-DREN-COD-8x45º,Antonio P. Haché y Ferreteria Haché S. A.,2021/01/14,1904.7678,
MA-PVC-DREN-COD-8x90º,Ferremix,2023/01/03,3500.8559,
MA-PVC-DREN-COD-8x90º,Antonio P. Haché y Ferreteria Haché S. A.,2021/01/14,2142.8564,
MA-PVC-DREN-COUP-1½,Distribuidora 0212 S.R.L.,2022/10/22,7.7542,
MA-PVC-DREN-COUP-2,Ferretería Ochoa,2022/12/21,33.2627,
MA-PVC-DREN-COUP-2,Antonio P. Haché y Ferreteria Haché S. A.,2021/01/14,19.3756,
MA-PVC-DREN-COUP-3,Ferretería Ochoa,2022/12/21,70.2034,
MA-PVC-DREN-COUP-3,Antonio P. Haché y Ferreteria Haché S. A.,2021/01/14,67.142,
MA-PVC-DREN-COUP-4,Ferretería Ochoa,2022/12/21,133.9661,
MA-PVC-DREN-COUP-4,Antonio P. Haché y Ferreteria Haché S. A.,2021/01/14,100.1466,
MA-PVC-DREN-COUP-6,Ferremix,2022/12/21,469,
MA-PVC-DREN-COUP-6,No Tiene Suplidor Especifico,2021/01/14,300,
MA-PVC-DREN-COUP-8,No Tiene Suplidor Especifico,2023/01/03,300,
MA-PVC-DREN-COUP-8,No Tiene Suplidor Especifico,2021/01/14,432,
MA-PVC-DREN-RED-2x1½,"Rodfor Team, SRL",2023/01/03,15.68,
MA-PVC-DREN-RED-2x1½,No Tiene Suplidor Especifico,2021/01/14,22,
MA-PVC-DREN-RED-3x2,"Rodfor Team, SRL",2023/01/03,20.76,
MA-PVC-DREN-RED-3x2,Antonio P. Haché y Ferreteria Haché S. A.,2021/04/05,31.5,
MA-PVC-DREN-RED-4x2,"Rodfor Team, SRL",2023/01/03,50.85,
MA-PVC-DREN-RED-4x2,Antonio P. Haché y Ferreteria Haché S. A.,2020/09/29,48.28,
MA-PVC-DREN-RED-4x3,"Rodfor Team, SRL",2023/01/03,52.54,
MA-PVC-DREN-RED-4x3,Antonio P. Haché y Ferreteria Haché S. A.,2021/04/05,55.08,
MA-PVC-DREN-RED-6x4,"Rodfor Team, SRL",2023/01/03,224.58,
MA-PVC-DREN-RED-6x4,Antonio P. Haché y Ferreteria Haché S. A.,2021/04/05,216,
MA-PVC-DREN-RED-8x4,"Rodfor Team, SRL",2023/01/03,2349.15,
MA-PVC-DREN-RED-8x4,Ferretería Americana,2012/02/20,950,
MA-PVC-DREN-RED-8x6,"Rodfor Team, SRL",2023/01/03,2349.15,
MA-PVC-DREN-RED-8x6,Antonio P. Haché y Ferreteria Haché S. A.,2021/04/05,2220.34,
MA-PVC-DREN-SIF-2,Antonio P. Haché y Ferreteria Haché S. A.,2020/09/29,100.81,
MA-PVC-DREN-SIF-2,Antonio P. Haché y Ferreteria Haché S. A.,2020/09/29,100.81,
MA-PVC-DREN-SIF-DBL-FRE,Antonio P. Haché y Ferreteria Haché S. A.,2020/12/07,117.79,
MA-PVC-DREN-SIF-DBL-FRE,Antonio P. Haché y Ferreteria Haché S. A.,2020/12/07,117.79,
MA-PVC-DREN-SIF-LM,Ferremix,2022/12/20,114.4068,
MA-PVC-DREN-SIF-LM,Antonio P. Haché y Ferreteria Haché S. A.,2020/12/07,110.17,
MA-PVC-DREN-TAP-HEM-1½,No Tiene Suplidor Especifico,2021/01/14,15,
MA-PVC-DREN-TAP-HEM-2,No Tiene Suplidor Especifico,2022/12/15,86.1,
MA-PVC-DREN-TAP-HEM-2,No Tiene Suplidor Especifico,2021/01/14,86.1,
MA-PVC-DREN-TAP-HEM-3,Ferre Universo,2020/11/27,105,
MA-PVC-DREN-TAP-HEM-3,Ferre Universo,2020/11/27,105,
MA-PVC-DREN-TAP-HEM-4,No Tiene Suplidor Especifico,2022/12/15,132,
MA-PVC-DREN-TAP-HEM-4,No Tiene Suplidor Especifico,2021/01/14,132,
MA-PVC-DREN-TAP-HEM-6,No Tiene Suplidor Especifico,2021/01/14,145,
MA-PVC-DREN-TAP-REG-2x2,Ferretería Americana,2012/02/20,21.65,
MA-PVC-DREN-TAP-REG-3x3,Ferretería Americana,2012/02/20,50.98,
MA-PVC-DREN-TAP-REG-4x4,Ferretería Americana,2012/02/20,91.1,
MA-PVC-DREN-TAP-REG-6x6,Ferretería Americana,2012/02/20,480,
MA-PVC-DREN-TEE-1½x1½,Ferretería Americana,2012/02/20,21.3,
MA-PVC-DREN-TEE-2x2,Distribuidora 0212 S.R.L.,2022/10/22,35.4576,
MA-PVC-DREN-TEE-2x2,Ferretería Americana,2012/02/20,30,
MA-PVC-DREN-TEE-3x2,Distribuidora 0212 S.R.L.,2022/10/22,70.4492,
MA-PVC-DREN-TEE-3x2,Ferretería Americana,2012/02/20,42.64,
MA-PVC-DREN-TEE-3x3,Distribuidora 0212 S.R.L.,2022/10/22,95.4068,
MA-PVC-DREN-TEE-3x3,Antonio P. Haché y Ferreteria Haché S. A.,2021/04/05,159,
MA-PVC-DREN-TEE-4x2,Distribuidora 0212 S.R.L.,2022/10/22,92.9576,
MA-PVC-DREN-TEE-4x2,Ferretería Americana,2012/02/20,70.37,
MA-PVC-DREN-TEE-4x3,Distribuidora 0212 S.R.L.,2022/10/22,128.5763,
MA-PVC-DREN-TEE-4x3,Ferretería Americana,2012/02/20,75.63,
MA-PVC-DREN-TEE-4x4,Distribuidora 0212 S.R.L.,2022/10/22,157.3475,
MA-PVC-DREN-TEE-4x4,Antonio P. Haché y Ferreteria Haché S. A.,2021/04/05,273.91,
MA-PVC-DREN-TEE-6x4,Ferretería Americana,2012/02/20,560,
MA-PVC-DREN-TEE-6x6,Ferremix,2022/12/21,611.2627,
MA-PVC-DREN-TEE-6x6,Ferretería Americana,2012/02/20,1012.3,
MA-PVC-DREN-TUB-2,No Tiene Suplidor Especifico,2021/02/10,474.91,
MA-PVC-DREN-TUB-2,Distribuidora 0212 S.R.L.,2022/10/22,307.7881,
MA-PVC-DREN-TUB-3,No Tiene Suplidor Especifico,2021/02/10,1000,
MA-PVC-DREN-TUB-3,Distribuidora 0212 S.R.L.,2022/10/22,598.0932,
MA-PVC-DREN-TUB-4,No Tiene Suplidor Especifico,2021/02/10,1626.1,
MA-PVC-DREN-TUB-4,Distribuidora 0212 S.R.L.,2022/10/22,750.2373,
MA-PVC-DREN-TUB-6,No Tiene Suplidor Especifico,2021/02/10,4164,
MA-PVC-DREN-TUB-6,Distribuidora 0212 S.R.L.,2022/10/22,2262.9576,
MA-PVC-DREN-TUB-8,No Tiene Suplidor Especifico,2021/02/10,5975,
MA-PVC-DREN-TUB-8,Distribuidora 0212 S.R.L.,2022/10/22,3829.8814,
MA-PVC-DREN-YEE-2x2,Distribuidora 0212 S.R.L.,2022/10/22,34.8305,
MA-PVC-DREN-YEE-2x2,Antonio P. Haché y Ferreteria Haché S. A.,2020/09/29,51.12,
MA-PVC-DREN-YEE-3x2,Distribuidora 0212 S.R.L.,2022/10/22,67.678,
MA-PVC-DREN-YEE-3x2,Antonio P. Haché y Ferreteria Haché S. A.,2021/04/05,99,
MA-PVC-DREN-YEE-3x3,Distribuidora 0212 S.R.L.,2022/10/22,107.5169,
MA-PVC-DREN-YEE-3x3,Ferretería Americana,2012/02/20,68.5,
MA-PVC-DREN-YEE-4x2,No Tiene Suplidor Especifico,2021/04/05,164.81,
MA-PVC-DREN-YEE-4x2,Distribuidora 0212 S.R.L.,2022/10/22,98.7881,
MA-PVC-DREN-YEE-4x2,Antonio P. Haché y Ferreteria Haché S. A.,2021/04/05,164.81,
MA-PVC-DREN-YEE-4x3,No Tiene Suplidor Especifico,2021/04/05,84,
MA-PVC-DREN-YEE-4x3,Distribuidora 0212 S.R.L.,2022/10/22,144.5085,
MA-PVC-DREN-YEE-4x3,Ferretería Americana,2012/02/20,84.26,
MA-PVC-DREN-YEE-4x4,No Tiene Suplidor Especifico,2021/04/05,254,
MA-PVC-DREN-YEE-4x4,Distribuidora 0212 S.R.L.,2022/10/22,169.0932,
MA-PVC-DREN-YEE-4x4,Antonio P. Haché y Ferreteria Haché S. A.,2021/04/05,254,
MA-PVC-DREN-YEE-6x4,"Rodfor Team, SRL",2023/01/03,500,
MA-PVC-DREN-YEE-6x4,Antonio P. Haché y Ferreteria Haché S. A.,2021/04/05,1200,
MA-PVC-DREN-YEE-6x6,Ferremix,2022/12/21,1054.2966,
MA-PVC-DREN-YEE-6x6,Ferretería Americana,2012/02/20,1239,
MA-PVC-DREN-YEE-8x6,"Rodfor Team, SRL",2023/01/03,2349.15,
MA-PVC-DREN-YEE-8x6,JG Acueductos Y Partes S.R.L.,2021/01/14,2714,
MA-PVC-DREN-YEE-8x8,"Rodfor Team, SRL",2023/01/03,5283.9,
MA-PVC-DREN-YEE-8x8,Ferretería Americana,2012/02/20,4262.14,
MA-PVC-PISC-VAL-DBLU-2,"JDL Electro Plomer Pool, S.R.L.",2023/01/05,1542.51,
MA-PVC-SCH40-ADA-HEM-½,Distribuidora 0212 S.R.L.,2022/10/22,5.2203,
MA-PVC-SCH40-ADA-HEM-½,No Tiene Suplidor Especifico,2012/02/20,3.66,
MA-PVC-SCH40-ADA-HEM-¾,Distribuidora 0212 S.R.L.,2022/10/22,7.6695,
MA-PVC-SCH40-ADA-HEM-¾,Antonio P. Haché y Ferreteria Haché S. A.,2020/09/29,6.8,
MA-PVC-SCH40-ADA-HEM-1,Distribuidora 0212 S.R.L.,2022/10/22,11.6017,
MA-PVC-SCH40-ADA-HEM-1,No Tiene Suplidor Especifico,2012/02/20,8.38,
MA-PVC-SCH40-ADA-HEM-1½,Distribuidora 0212 S.R.L.,2022/10/22,21.94,
MA-PVC-SCH40-ADA-HEM-1½,No Tiene Suplidor Especifico,2012/02/20,15.95,
MA-PVC-SCH40-ADA-HEM-2,Distribuidora 0212 S.R.L.,2022/10/22,30.2712,
MA-PVC-SCH40-ADA-HEM-2,"JDL Electro Plomer Pool, S.R.L.",2020/08/13,31.05,
MA-PVC-SCH40-ADA-HEM-3,Distribuidora 0212 S.R.L.,2022/10/22,66.0424,
MA-PVC-SCH40-ADA-HEM-3,No Tiene Suplidor Especifico,2012/02/20,49.02,
MA-PVC-SCH40-ADA-HEM-4,No Tiene Suplidor Especifico,2012/02/20,59.89,
MA-PVC-SCH40-ADA-MAC-½,Distribuidora 0212 S.R.L.,2022/10/22,3.9915,
MA-PVC-SCH40-ADA-MAC-½,No Tiene Suplidor Especifico,2012/02/20,3.07,
MA-PVC-SCH40-ADA-MAC-¾,Distribuidora 0212 S.R.L.,2022/10/22,5.5339,
MA-PVC-SCH40-ADA-MAC-¾,Antonio P. Haché y Ferreteria Haché S. A.,2020/09/29,5.35,
MA-PVC-SCH40-ADA-MAC-1,Distribuidora 0212 S.R.L.,2022/10/22,9.3729,
MA-PVC-SCH40-ADA-MAC-1,No Tiene Suplidor Especifico,2012/02/20,6.67,
MA-PVC-SCH40-ADA-MAC-1½,Distribuidora 0212 S.R.L.,2022/10/22,19.7203,
MA-PVC-SCH40-ADA-MAC-1½,No Tiene Suplidor Especifico,2012/02/20,12.5,
MA-PVC-SCH40-ADA-MAC-2,Distribuidora 0212 S.R.L.,2022/10/22,28.6186,
MA-PVC-SCH40-ADA-MAC-2,"JDL Electro Plomer Pool, S.R.L.",2020/08/13,29.95,
MA-PVC-SCH40-ADA-MAC-3,Distribuidora 0212 S.R.L.,2022/10/22,86.9492,
MA-PVC-SCH40-ADA-MAC-3,Ferretería Americana,2012/02/20,56.5,
MA-PVC-SCH40-ADA-MAC-4,Ferretería Americana,2012/02/20,81.32,
MA-PVC-SCH40-COD-½x45º,Distribuidora 0212 S.R.L.,2022/10/22,5.3475,
MA-PVC-SCH40-COD-½x45º,Ferretería Americana,2012/02/20,8.95,
MA-PVC-SCH40-COD-½x90º,Distribuidora 0212 S.R.L.,2022/10/22,6.5254,
MA-PVC-SCH40-COD-½x90º,Ferretería Americana,2012/02/20,4.88,
MA-PVC-SCH40-COD-¾x45º,Distribuidora 0212 S.R.L.,2022/10/22,9.3559,
MA-PVC-SCH40-COD-¾x45º,Materiales Industriales,2022/12/18,10.17,
MA-PVC-SCH40-COD-¾x45º,Antonio P. Haché y Ferreteria Haché S. A.,2020/09/29,8.87,
MA-PVC-SCH40-COD-¾x90º,Distribuidora 0212 S.R.L.,2022/10/22,9.0593,
MA-PVC-SCH40-COD-¾x90º,Materiales Industriales,2022/12/18,12.71,
MA-PVC-SCH40-COD-¾x90º,Ferretería Americana,2012/02/20,6.9,
MA-PVC-SCH40-COD-1½x45º,Distribuidora 0212 S.R.L.,2022/10/22,36.7034,
MA-PVC-SCH40-COD-1½x45º,Antonio P. Haché y Ferreteria Haché S. A.,2020/09/29,42.14,
MA-PVC-SCH40-COD-1½x90º,Distribuidora 0212 S.R.L.,2022/10/22,31.9153,
MA-PVC-SCH40-COD-1½x90º,Ferretería Americana,2012/02/20,31.36,
MA-PVC-SCH40-COD-1x45º,Distribuidora 0212 S.R.L.,2022/10/22,16.6441,
MA-PVC-SCH40-COD-1x45º,Materiales Industriales,2022/12/18,17.8,
MA-PVC-SCH40-COD-1x45º,Ferretería Americana,2012/02/20,10.18,
MA-PVC-SCH40-COD-1x90º,Distribuidora 0212 S.R.L.,2022/10/22,15.1441,
MA-PVC-SCH40-COD-1x90º,Ferretería Americana,2012/02/20,11.09,
MA-PVC-SCH40-COD-2x45º,Distribuidora 0212 S.R.L.,2022/10/22,44.5424,
MA-PVC-SCH40-COD-2x45º,Antonio P. Haché y Ferreteria Haché S. A.,2020/09/29,55.08,
MA-PVC-SCH40-COD-2x90º,Distribuidora 0212 S.R.L.,2022/10/22,49.9492,
MA-PVC-SCH40-COD-2x90º,Torpinsa,2020/10/26,86.38,
MA-PVC-SCH40-COD-3x45º,Materiales Industriales,2022/12/18,139.83,
MA-PVC-SCH40-COD-3x45º,JG Acueductos Y Partes S.R.L.,2020/06/03,165,
MA-PVC-SCH40-COD-3x90º,Distribuidora 0212 S.R.L.,2022/10/22,143,
MA-PVC-SCH40-COD-3x90º,Ferretería Americana,2012/02/20,114.87,
MA-PVC-SCH40-COD-4x45º,No Tiene Suplidor Especifico,2023/02/01,233.09,
MA-PVC-SCH40-COD-4x45º,Ferre Universo,2020/12/04,345,
MA-PVC-SCH40-COD-4x90º,Distribuidora 0212 S.R.L.,2022/10/22,233.0932,
MA-PVC-SCH40-COD-4x90º,No Tiene Suplidor Especifico,2012/02/20,272.1,
MA-PVC-SCH40-COD-6x45º,Ferretería Americana,2012/02/20,484.81,
MA-PVC-SCH40-COD-6x90º,Ferretería Americana,2012/02/20,664.17,
MA-PVC-SCH40-COD-8x45º,Ferretería Americana,2012/02/20,1354,
MA-PVC-SCH40-COD-8x90º,Ferretería Americana,2012/02/20,1709.93,
MA-PVC-SCH40-COUP-½,Distribuidora 0212 S.R.L.,2022/10/22,4.0339,
MA-PVC-SCH40-COUP-½,No Tiene Suplidor Especifico,2012/02/20,3.5,
MA-PVC-SCH40-COUP-¾,Materiales Industriales,2022/12/18,7.63,
MA-PVC-SCH40-COUP-¾,Distribuidora 0212 S.R.L.,2022/10/22,5.3051,
MA-PVC-SCH40-COUP-¾,Ferretería Americana,2012/02/20,6.02,
MA-PVC-SCH40-COUP-1,Materiales Industriales,2022/12/18,11.86,
MA-PVC-SCH40-COUP-1,Distribuidora 0212 S.R.L.,2022/10/22,8.5254,
MA-PVC-SCH40-COUP-1,Ferretería Americana,2012/02/20,6.96,
MA-PVC-SCH40-COUP-1½,Distribuidora 0212 S.R.L.,2022/10/22,16.2966,
MA-PVC-SCH40-COUP-1½,Ferretería Americana,2012/02/20,12.51,
MA-PVC-SCH40-COUP-2,Distribuidora 0212 S.R.L.,2022/10/22,24.5,
MA-PVC-SCH40-COUP-2,JG Acueductos Y Partes S.R.L.,2020/06/03,25,
MA-PVC-SCH40-COUP-3,Materiales Industriales,2022/12/18,105.93,
MA-PVC-SCH40-COUP-3,Distribuidora 0212 S.R.L.,2022/10/22,72.9831,
MA-PVC-SCH40-COUP-3,Antonio P. Haché y Ferreteria Haché S. A.,2021/04/05,128.77,
MA-PVC-SCH40-COUP-4,Materiales Industriales,2022/12/18,152.54,
MA-PVC-SCH40-COUP-4,Distribuidora 0212 S.R.L.,2022/10/22,110.6525,
MA-PVC-SCH40-COUP-4,Antonio P. Haché y Ferreteria Haché S. A.,2021/04/05,192.09,
MA-PVC-SCH40-COUP-6,Materiales Industriales,2022/12/18,550,
MA-PVC-SCH40-COUP-6,Ferretería Americana,2012/02/20,303.02,
MA-PVC-SCH40-COUP-8,Ferre Universo,2020/12/04,1250,
MA-PVC-SCH40-RED-¾x½,Distribuidora 0212 S.R.L.,2022/10/22,3,
MA-PVC-SCH40-RED-¾x½,Ferretería Americana,2011/05/20,1.5,
MA-PVC-SCH40-RED-1½x½,Distribuidora 0212 S.R.L.,2022/10/22,19.9407,
MA-PVC-SCH40-RED-1½x½,Ferretería Americana,2011/05/20,19,
MA-PVC-SCH40-RED-1½x¾,Ferretería Americana,2011/05/20,18.1,
MA-PVC-SCH40-RED-1½x1,Materiales Industriales,2022/12/18,35.59,
MA-PVC-SCH40-RED-1½x1,Distribuidora 0212 S.R.L.,2022/10/22,19.6271,
MA-PVC-SCH40-RED-1½x1,Ferretería Americana,2011/05/20,17.67,
MA-PVC-SCH40-RED-1x½,Distribuidora 0212 S.R.L.,2022/10/22,7.9746,
MA-PVC-SCH40-RED-1x½,Ferretería Americana,2011/05/20,3.6,
MA-PVC-SCH40-RED-1x¾,Distribuidora 0212 S.R.L.,2022/10/22,6.2458,
MA-PVC-SCH40-RED-1x¾,Antonio P. Haché y Ferreteria Haché S. A.,2020/09/29,4.24,
MA-PVC-SCH40-RED-2x1,Distribuidora 0212 S.R.L.,2022/10/22,40.6864,
MA-PVC-SCH40-RED-2x1,Antonio P. Haché y Ferreteria Haché S. A.,2020/09/29,38.14,
MA-PVC-SCH40-RED-2x1½,Distribuidora 0212 S.R.L.,2022/10/22,40.6864,
MA-PVC-SCH40-RED-2x1½,Antonio P. Haché y Ferreteria Haché S. A.,2021/04/05,16.95,
MA-PVC-SCH40-RED-3x2,Ferretería Americana,2011/05/20,58.62,
MA-PVC-SCH40-RED-4x3,Ferretería Americana,2011/05/20,131.03,
MA-PVC-SCH40-RED-6x4,Ferretería Americana,2011/05/20,304,
MA-PVC-SCH40-TAP-HEM-½,Distribuidora 0212 S.R.L.,2022/10/22,2.7458,
MA-PVC-SCH40-TAP-HEM-½,Ferretería Americana,2011/05/20,3.2,
MA-PVC-SCH40-TAP-HEM-¾,Distribuidora 0212 S.R.L.,2022/10/22,3.9068,
MA-PVC-SCH40-TAP-HEM-¾,Ferretería Americana,2011/05/20,6.56,
MA-PVC-SCH40-TAP-HEM-1,Distribuidora 0212 S.R.L.,2022/10/22,6.5339,
MA-PVC-SCH40-TAP-HEM-1,Ferretería Americana,2011/05/20,5.25,
MA-PVC-SCH40-TAP-HEM-1½,Distribuidora 0212 S.R.L.,2022/10/22,12.6525,
MA-PVC-SCH40-TAP-HEM-1½,Ferretería Americana,2011/05/20,12.67,
MA-PVC-SCH40-TAP-HEM-2,Distribuidora 0212 S.R.L.,2022/10/22,19.9322,
MA-PVC-SCH40-TAP-HEM-2,Antonio P. Haché y Ferreteria Haché S. A.,2020/09/29,13.85,
MA-PVC-SCH40-TAP-HEM-3,Distribuidora 0212 S.R.L.,2022/10/22,56.5763,
MA-PVC-SCH40-TAP-HEM-3,Ferretería Americana,2011/05/20,23.47,
MA-PVC-SCH40-TAP-HEM-4,Distribuidora 0212 S.R.L.,2022/10/22,88.5678,
MA-PVC-SCH40-TAP-HEM-4,Antonio P. Haché y Ferreteria Haché S. A.,2020/09/29,37.12,
MA-PVC-SCH40-TAP-HEM-6,Ferretería Americana,2011/05/20,354.31,
MA-PVC-SCH40-TAP-HEM-8,Ferretería Americana,2011/05/20,812.07,
MA-PVC-SCH40-TEE-½x½,Distribuidora 0212 S.R.L.,2022/10/22,8.339,
MA-PVC-SCH40-TEE-½x½,Ferretería Americana,2011/05/20,5.2,
MA-PVC-SCH40-TEE-¾x¾,Distribuidora 0212 S.R.L.,2022/10/22,10.9237,
MA-PVC-SCH40-TEE-¾x¾,Antonio P. Haché y Ferreteria Haché S. A.,2020/09/29,12.71,
MA-PVC-SCH40-TEE-1½x1½,Distribuidora 0212 S.R.L.,2022/10/22,39.9237,
MA-PVC-SCH40-TEE-1½x1½,Ferretería Americana,2011/05/20,22.26,
MA-PVC-SCH40-TEE-1x1,Materiales Industriales,2022/12/18,24.58,
MA-PVC-SCH40-TEE-1x1,Distribuidora 0212 S.R.L.,2022/10/22,18.178,
MA-PVC-SCH40-TEE-1x1,Ferretería Americana,2011/05/20,10.34,
MA-PVC-SCH40-TEE-2x2,Distribuidora 0212 S.R.L.,2022/10/22,60.4746,
MA-PVC-SCH40-TEE-2x2,Torpinsa,2020/10/26,68,
MA-PVC-SCH40-TEE-3x3,Distribuidora 0212 S.R.L.,2022/10/22,172.161,
MA-PVC-SCH40-TEE-3x3,Ferretería Americana,2011/05/20,72.95,
MA-PVC-SCH40-TEE-4x4,Distribuidora 0212 S.R.L.,2022/10/22,282.8136,
MA-PVC-SCH40-TEE-4x4,Ferretería Americana,2011/05/20,118.6,
MA-PVC-SCH40-TEE-6x6,Ferretería Americana,2011/05/20,1046.55,
MA-PVC-SCH40-TEE-8x8,Ferretería Americana,2012/02/20,2856,
MA-PVC-SCH40-TUB-½,Distribuidora 0212 S.R.L.,2022/10/22,209.8983,
MA-PVC-SCH40-TUB-½,Ferretería Americana,2011/05/20,150.31,
MA-PVC-SCH40-TUB-¾,Distribuidora 0212 S.R.L.,2022/10/22,297.2966,
MA-PVC-SCH40-TUB-¾,Ferretería Americana,2011/05/20,198.25,
MA-PVC-SCH40-TUB-1,Distribuidora 0212 S.R.L.,2022/10/22,440.3814,
MA-PVC-SCH40-TUB-1,Comercial 2000 S.R.L.,2021/06/03,450,
MA-PVC-SCH40-TUB-1½,Distribuidora 0212 S.R.L.,2022/10/22,713.8305,
MA-PVC-SCH40-TUB-1½,Comercial 2000 S.R.L.,2021/06/03,762.71,
MA-PVC-SCH40-TUB-2,Distribuidora 0212 S.R.L.,2022/10/22,960.2542,
MA-PVC-SCH40-TUB-2,Comercial 2000 S.R.L.,2021/06/03,1008,
MA-PVC-SCH40-TUB-3,Distribuidora 0212 S.R.L.,2022/10/22,1993.6356,
MA-PVC-SCH40-TUB-3,Comercial 2000 S.R.L.,2021/06/03,1950,
MA-PVC-SCH40-TUB-4,Distribuidora 0212 S.R.L.,2022/10/22,2837.839,
MA-PVC-SCH40-TUB-4,Comercial 2000 S.R.L.,2021/06/03,2950,
MA-PVC-SCH40-TUB-6,Distribuidora 0212 S.R.L.,2022/10/22,5493,
MA-PVC-SCH40-TUB-6,Comercial 2000 S.R.L.,2021/06/03,5300,
MA-PVC-SCH40-TUB-8,Distribuidora 0212 S.R.L.,2022/10/22,8270.1017,
MA-PVC-SCH40-TUB-8,Ferretería Americana,2011/05/20,4954,
MA-PVC-SCH40-VAL-BOL-4,"Garcia and Llerandi, S.A.S.",2022/10/26,8025,
MA-PVC-SCH80-TUB-½,Distribuidora 0212 S.R.L.,2022/10/22,410.178,
MA-PVC-SCH80-TUB-¾,Distribuidora 0212 S.R.L.,2022/10/22,556.4407,
MA-PVC-SCH80-TUB-1,Distribuidora 0212 S.R.L.,2022/10/22,820.3475,
MA-PVC-SCH80-TUB-1,Comercial 2000 S.R.L.,2021/06/03,640,
MA-PVC-SCH80-TUB-1½,Distribuidora 0212 S.R.L.,2022/10/22,1342.7627,
MA-PVC-SCH80-TUB-1½,Comercial 2000 S.R.L.,2021/06/03,1100,
MA-PVC-SCH80-TUB-2,Distribuidora 0212 S.R.L.,2022/10/22,1902.3814,
MA-PVC-SCH80-TUB-2,Comercial 2000 S.R.L.,2021/06/03,1500,
MA-PVC-SCH80-TUB-3,Distribuidora 0212 S.R.L.,2022/10/22,3884.8898,
MA-PVC-SCH80-TUB-3,JG Acueductos Y Partes S.R.L.,2020/06/03,3750,
MA-PVC-SCH80-TUB-4,Distribuidora 0212 S.R.L.,2022/10/22,5677.5763,
MA-PVC-SCH80-TUB-6,Distribuidora 0212 S.R.L.,2022/10/22,10831.7881,
MA-PVC-SCH80-TUB-8,Distribuidora 0212 S.R.L.,2022/10/22,17244.8136,
MA-PVC-SDR26-CUR-½,No Tiene Suplidor Especifico,2021/01/14,4.98,
MA-PVC-SDR26-CUR-¾,No Tiene Suplidor Especifico,2023/01/11,20,
MA-PVC-SDR26-CUR-¾,No Tiene Suplidor Especifico,2021/01/14,5.66,
MA-PVC-SDR26-CUR-1,No Tiene Suplidor Especifico,2021/01/14,9.73,
MA-PVC-SDR26-CUR-1½,No Tiene Suplidor Especifico,2021/01/14,28.97,
MA-PVC-SDR26-CUR-2,No Tiene Suplidor Especifico,2021/01/14,28.35,
MA-PVC-SDR26-CUR-3,No Tiene Suplidor Especifico,2021/01/14,114.05,
MA-PVC-SDR26-TUB-½,Distribuidora 0212 S.R.L.,2022/10/22,81.8729,
MA-PVC-SDR26-TUB-½,Ferretería Americana,2012/02/20,59.57,
MA-PVC-SDR26-TUB-¾,Distribuidora 0212 S.R.L.,2022/10/22,130.3644,
MA-PVC-SDR26-TUB-¾,Antonio P. Haché y Ferreteria Haché S. A.,2020/09/29,101.69,
MA-PVC-SDR26-TUB-1,Distribuidora 0212 S.R.L.,2022/10/22,211.4492,
MA-PVC-SDR26-TUB-1,Ferretería Americana,2012/02/20,144.02,
MA-PVC-SDR26-TUB-10,Distribuidora 0212 S.R.L.,2022/10/22,13198.2373,
MA-PVC-SDR26-TUB-1½,Distribuidora 0212 S.R.L.,2022/10/22,412.7203,
MA-PVC-SDR26-TUB-1½,Ferretería Americana,2012/02/20,302.72,
MA-PVC-SDR26-TUB-12,Distribuidora 0212 S.R.L.,2022/10/22,18577.5678,
MA-PVC-SDR26-TUB-2,Distribuidora 0212 S.R.L.,2022/10/22,643.5593,
MA-PVC-SDR26-TUB-2,Ferretería Americana,2012/02/20,378.2,
MA-PVC-SDR26-TUB-3,Ferretería Americana,2012/02/20,921.25,
MA-PVC-SDR26-TUB-4,Distribuidora 0212 S.R.L.,2022/10/22,2311.9237,
MA-PVC-SDR26-TUB-4,Ferretería Americana,2012/02/20,1495.11,
MA-PVC-SDR26-TUB-6,Distribuidora 0212 S.R.L.,2022/10/22,5026.0678,
MA-PVC-SDR26-TUB-8,Distribuidora 0212 S.R.L.,2022/10/22,8516.6864,
MA-PVC-SDR32.5-TUB-10,Distribuidora 0212 S.R.L.,2022/10/22,10664.2203,
MA-PVC-SDR32.5-TUB-12,Distribuidora 0212 S.R.L.,2022/10/22,14987.2627,
MA-PVC-SDR32.5-TUB-16,Distribuidora 0212 S.R.L.,2022/10/22,23600.1356,
MA-PVC-SDR32.5-TUB-2,Distribuidora 0212 S.R.L.,2022/10/22,519.3983,
MA-PVC-SDR32.5-TUB-3,Distribuidora 0212 S.R.L.,2022/10/22,1131.4746,
MA-PVC-SDR32.5-TUB-4,Distribuidora 0212 S.R.L.,2022/10/22,1860.7288,
MA-PVC-SDR32.5-TUB-6,Distribuidora 0212 S.R.L.,2022/10/22,4050.2373,
MA-PVC-SDR32.5-TUB-8,Distribuidora 0212 S.R.L.,2022/10/22,6850.0763,
MA-PVC-SDR41-TUB-10,Distribuidora 0212 S.R.L.,2022/10/22,8509.6864,
MA-PVC-SDR41-TUB-10,Antonio P. Haché y Ferreteria Haché S. A.,2021/03/03,12220,
MA-PVC-SDR41-TUB-1½,Distribuidora 0212 S.R.L.,2022/10/22,285.0593,
MA-PVC-SDR41-TUB-1½,Antonio P. Haché y Ferreteria Haché S. A.,2020/09/29,275.42,
MA-PVC-SDR41-TUB-12,Distribuidora 0212 S.R.L.,2022/10/22,11961.8305,
MA-PVC-SDR41-TUB-12,Antonio P. Haché y Ferreteria Haché S. A.,2021/03/03,19992,
MA-PVC-SDR41-TUB-16,Distribuidora 0212 S.R.L.,2022/10/22,18832.8898,
MA-PVC-SDR41-TUB-18,Distribuidora 0212 S.R.L.,2022/10/22,23846.7203,
MA-PVC-SDR41-TUB-2,Distribuidora 0212 S.R.L.,2022/10/22,419.2034,
MA-PVC-SDR41-TUB-2,Antonio P. Haché y Ferreteria Haché S. A.,2021/02/10,474.91,
MA-PVC-SDR41-TUB-20,Distribuidora 0212 S.R.L.,2022/10/22,29456.8898,
MA-PVC-SDR41-TUB-24,Distribuidora 0212 S.R.L.,2022/10/22,42378.8136,
MA-PVC-SDR41-TUB-3,Distribuidora 0212 S.R.L.,2022/10/22,775.2288,
MA-PVC-SDR41-TUB-3,Materiales Industriales,2022/12/18,999.15,
MA-PVC-SDR41-TUB-3,Antonio P. Haché y Ferreteria Haché S. A.,2021/02/10,1000,
MA-PVC-SDR41-TUB-4,Distribuidora 0212 S.R.L.,2022/10/22,1288.7881,
MA-PVC-SDR41-TUB-4,Materiales Industriales,2022/12/18,1761.02,
MA-PVC-SDR41-TUB-4,Antonio P. Haché y Ferreteria Haché S. A.,2021/02/10,1626.1,
MA-PVC-SDR41-TUB-6,Distribuidora 0212 S.R.L.,2022/10/22,3497.6102,
MA-PVC-SDR41-TUB-6,Materiales Industriales,2022/12/18,4789.79,
MA-PVC-SDR41-TUB-6,Antonio P. Haché y Ferreteria Haché S. A.,2021/03/03,4164,
MA-PVC-SDR41-TUB-8,Distribuidora 0212 S.R.L.,2022/10/22,5438.7881,
MA-PVC-SDR41-TUB-8,Antonio P. Haché y Ferreteria Haché S. A.,2021/03/03,5975,
MA-PVC-TAP-HEM-½,No Tiene Suplidor Especifico,2023/02/03,3.54,
MA-PVC-UNU-¾,Ferretería Americana,2011/05/20,27.5,
MA-PVC-UNU-1,Ferretería Americana,2011/05/20,40,
MA-PVC-UNU-1½,Ferretería Americana,2011/05/20,120,
MA-PVC-UNU-2,Ferretería Americana,2011/05/20,178.45,
MA-PVC-UNU-3,Ferretería Americana,2011/05/20,27.5,
MA-REG-VAL,"Feray, S.R.L.",2022/11/11,4875,Bugatti
MO,No Tiene Suplidor Especifico,2022/12/15,350,
